"Diatom","Dinoflagellate","Diatom_Seq","Dino_Seq"
"Thalassiosira_delicatula;","Margalefidinium_fulvescens;","AGCTCCAATAGCGTATATTAAAGTTGTTGCAGTTAAAAAGCTCGTAGTTGGATTTCTGGCAGGAGTGACCGGTCACGCACTCTGTGCGTGAACTTGTGTTGTCTCTGGCCATCCTTGGGGAGATCCTGTTTGGCATTAAGTTGTCGGGCAGGGGATACCCATCGTTTACTGTGAAAAAATTAGAGTGTTTAAAGCAGGCTTATGCCGTTGAATATATTAGCATGGAATAATAAGATAGGACTTCGGAACTATTTTGTTGGTTTGCGTTACGAAGTAATGATTAAAAGGGATAGTTGGGGGTATTCGTATTCAGCTGTCAGAGGTGAAATTCTTGGATTTTCTGAAGACGAACTACTGCGAAAGCATTTACCAAGGATGTTTT_NA_AGCTCCAATAGCGTATATTAAAGTTGTTGCAGTTAAAAAGCTCGTAGTTGGATTTCTGGCAGGAGTGACCGGTCACGCACTCTGTGCGTGAACTTGTGTTGTCTCTGGCCATCCTTGGGGAGATCCTGTTTGGCATTAAGTTGTCGGGCAGGGGATACCCATCGTTTACTGTGAAAAAATTAGAGTGTTTAAAGCAGGCTTATGCCGTTGAATATATTAGCATGGAATAATAAGATAGGACTTCGGAACTATTTTGTTGGTTTGCGTTACGAAGTAATGATTAAAAGGGATAGTTGGGGGTATTCGTATTCAGCTGTCAGAGGTGAAATTCTTGGATTTTCTGAAGACGAACTACTGCGAAAGCATTTACCAAGGATGTTTT","AGCTCCAATAGCGTATATTAAAGTTGTTGCGGTTAAAAAGCTCGTAGTTGGATTTCCGTTCGAGTTCGTACCTCCCCTTGGGGGTTGGTGTCGAGCTCGAGCCTTTCTGGGTGTATACGTGCGTACTTCATTGTATGACGTATTCAACCCGGACTTTTACTTTGAGGAAATTAGAGTGTTTCAGGCAGGCAAACGCCTTGAATACATTAGCATGGAATAATAAGATAAGACTTTGGTCTTGTTTGTTGGTTCATAGACCGAAGTAATGATTAATAGGGATAGTTGGGGGCATTCGTATTTAACTGTCAGAGGTGAAATTCTTGGATTTGTTAAAGACGAACTACTGCGAAAGCATTTGCCAAGGATGTTTT_AGCTCCAATAGCGTATATTAAAGTTGTTGCGGTTAAAAAGCTCGTAGTTGGATTTCCGTTCGAGTTCGTACCTCCCCTTGGGGGTTGGTGTCGAGCTCGAGCCTTTCTGGGTGTATACGTGCGTACTTCATTGTATGACGTATTCAACCCGGACTTTTACTTTGAGGAAATTAGAGTGTTTCAGGCAGGCAAACGCCTTGAATACATTAGCATGGAATAATAAGATAAGACTTTGGTCTTGTTTGTTGGTTCATAGACCGAAGTAATGATTAATAGGGATAGTTGGGGGCATTCGTATTTAACTGTCAGAGGTGAAATTCTTGGATTTGTTAAAGACGAACTACTGCGAAAGCATTTGCCAAGGATGTTTT_AGCTCCAATAGCGTATATTAAAGTTGTTGCGGTTAAAAAGCTCGTAGTTGGATTTCCGTTCGAGTTCGTACCTCCCCTTGGGGGTTGGTGTCGAGCTCGAGCCTTTCTGGGTGTATACGTGCGTACTTCATTGTATGACGTATTCAACCCGGACTTTTACTTTGAGGAAATTAGAGTGTTTCAGGCAGGCAAACGCCTTGAATACATTAGCATGGAATAATAAGATAAGACTTTGGTCTTGTTTGTTGGTTCATAGACCGAAGTAATGATTAATAGGGATAGTTGGGGGCATTCGTATTTAACTGTCAGAGGTGAAATTCTTGGATTTGTTAAAGACGAACTACTGCGAAAGCATTTGCCAAGGATGTTTT"
"Rhizosolenia_delicatula;","Akashiwo_sanguinea;","AGCTCCAATAGCGTATATTAAAGTTGTTGCAGTTAAAAAGCTCGTAGTTGGATTTCTGGCGGGAGCGATCGGTCCTTCACTCAGTGTTGGAACCTGATTGTCTCCTACCATCCATGGAGAAAACTTGTCTGGCATTAAGTTGTCGGGTAGGCAATCTCCATCTTTTACTGTGAAAAAATTAGAGTGTTCAAAGCAGGCTTATGCCGTTGAATATATTAGCATGGAATAATAAGATAGGACTATGGTACTATTTTGTTGGTTTGTGCACCATGGTAATGATTAATAGGGACAGTTGGGGGTATTCGTATTCCATTGTCAGAGGTGAAATTCTTGGATTTATGGAAGACGAACTACTGCGAAAGCATTTACCAAGGATGTTTT_AGCTCCAATAGCGTATATTAAAGTTGTTGCAGTTAAAAAGCTCGTAGTTGGATTTCTGGCGGGAGCGATCGGTCCTTCACTCAGTGTTGGAACCTGATTGTCTCCTACCATCCATGGAGAAAACTTGTCTGGCATTAAGTTGTCGGGTAGGCAATCTCCATCTTTTACTGTGAAAAAATTAGAGTGTTCAAAGCAGGCTTATGCCGTTGAATATATTAGCATGGAATAATAAGATAGGACTATGGTACTATTTTGTTGGTTTGTGCACCATGGTAATGATTAATAGGGACAGTTGGGGGTATTCGTATTCCATTGTCAGAGGTGAAATTCTTGGATTTATGGAAGACGAACTACTGCGAAAGCATTTACCAAGGATGTTTT_AGCTCCAATAGCGTATATTAAAGTTGTTGCAGTTAAAAAGCTCGTAGTTGGATTTCTGGCGGGAGCGATCGGTCCTTCACTCAGTGTTGGAACCTGATTGTCTCCTACCATCCATGGAGAAAACTTGTCTGGCATTAAGTTGTCGGGTAGGCAATCTCCATCTTTTACTGTGAAAAAATTAGAGTGTTCAAAGCAGGCTTATGCCGTTGAATATATTAGCATGGAATAATAAGATAGGACTATGGTACTATTTTGTTGGTTTGTGCACCATGGTAATGATTAATAGGGACAGTTGGGGGTATTCGTATTCCATTGTCAGAGGTGAAATTCTTGGATTTATGGAAGACGAACTACTGCGAAAGCATTTACCAAGGATGTTTT","AGCTCCAATAGCGTATATTAAAGTTGTTGCGGTTAAAAAGCTCGTAGTTGGATTTCTGCCGAGAACGACCGGTCCGCCCTCTGGGTGAGCATCTGGCTCGGTCTGGGCATCTTCTTGGAGAACGTAGCTGCACTTGACTGTGTGGTGCGGTATCCAGGACATTTACTTTGAGGAAATTAGAGTGTTTCAAGCAGGCGCACGCCTTGAATACATTAGCATGGAATAATAATATAGGACCTTAATTCTATTTTGTTGGTTTCTAGAGTTGAGGTAATGATTAATAGGGATAGTTGGGGGCATTCGTATTTAACTGTCAGAGGTGAAATTCTTGGATTTGTTAAAGACGGACTACTGCGAAAGCATTTGCCAAGGATGTTTT_AGCTCCAATAGCGTATATTAAAGTTGTTGCGGTTAAAAAGCTCGTAGTTGGATTTCTGCCGAGAACGACCGGTCCGCCCTCTGGGTGAGCATCTGGCTCGGTCTGGGCATCTTCTTGGAGAACGTAGCTGCACTTGACTGTGTGGTGCGGTATCCAGGACATTTACTTTGAGGAAATTAGAGTGTTTCAAGCAGGCGCACGCCTTGAATACATTAGCATGGAATAATAATATAGGACCTTAATTCTATTTTGTTGGTTTCTAGAGTTGAGGTAATGATTAATAGGGATAGTTGGGGGCATTCGTATTTAACTGTCAGAGGTGAAATTCTTGGATTTGTTAAAGACGGACTACTGCGAAAGCATTTGCCAAGGATGTTTT_AGCTCCAATAGCGTATATTAAAGTTGTTGCGGTTAAAAAGCTCGTAGTTGGATTTCTGCCGAGAACGACCGGTCCGCCCTCTGGGTGAGCATCTGGCTCGGTCTGGGCATCTTCTTGGAGAACGTAGCTGCACTTGACTGTGTGGTGCGGTATCCAGGACATTTACTTTGAGGAAATTAGAGTGTTTCAAGCAGGCGCACGCCTTGAATACATTAGCATGGAATAATAATATAGGACCTTAATTCTATTTTGTTGGTTTCTAGAGTTGAGGTAATGATTAATAGGGATAGTTGGGGGCATTCGTATTTAACTGTCAGAGGTGAAATTCTTGGATTTGTTAAAGACGGACTACTGCGAAAGCATTTGCCAAGGATGTTTT"
"Pseudo-nitzschia_sp.;","Gyrodinium_dominans;","AGCTCCAATAGCGTATATTAAAGTTGTTGCAGTTAAAAAGCTCGTAGTTGGATTTGTGGTGTGTCTAGTCGGCCTTTGCTCTTTGAGTGATTGTGCTGTACTGGTCTGCCATGTTTGGGTGGAATCTGTGTGGCATTAGGTTGTCGTGCAGGGGATGCCCATCGTTTACTGTGAAAAAATTAGAGTGTTCAAAGCAGGCTTATGCCGTTGAATATATTAGCATGGAATAATGATATAGGACCTTGGTACTATTTTGTTGGTTTGCGCACTAAGGTAATGATTAAGAGGGACAGTTGGGGGTATTTGTATTCCATTGTCAGAGGTGAAATTCTTGGATTTTTGGAAGACAAACTACTGCGAAAGCATTTACCAAGGATGTTTT_AGCTCCAATAGCGTATATTAAAGTTGTTGCAGTTAAAAAGCTCGTAGTTGGATTTGTGGTGTGTCTAGTCGGCCTTTGCTCTTTGAGTGATTGTGCTGTACTGGTCTGCCATGTTTGGGTGGAATCTGTGTGGCATTAGGTTGTCGTGCAGGGGATGCCCATCGTTTACTGTGAAAAAATTAGAGTGTTCAAAGCAGGCTTATGCCGTTGAATATATTAGCATGGAATAATGATATAGGACCTTGGTACTATTTTGTTGGTTTGCGCACTAAGGTAATGATTAAGAGGGACAGTTGGGGGTATTTGTATTCCATTGTCAGAGGTGAAATTCTTGGATTTTTGGAAGACAAACTACTGCGAAAGCATTTACCAAGGATGTTTT_AGCTCCAATAGCGTATATTAAAGTTGTTGCAGTTAAAAAGCTCGTAGTTGGATTTGTGGTGTGTCTAGTCGGCCTTTGCTCTTTGAGTGATTGTGCTGTACTGGTCTGCCATGTTTGGGTGGAATCTGTGTGGCATTAGGTTGTCGTGCAGGGGATGCCCATCGTTTACTGTGAAAAAATTAGAGTGTTCAAAGCAGGCTTATGCCGTTGAATATATTAGCATGGAATAATGATATAGGACCTTGGTACTATTTTGTTGGTTTGCGCACTAAGGTAATGATTAAGAGGGACAGTTGGGGGTATTTGTATTCCATTGTCAGAGGTGAAATTCTTGGATTTTTGGAAGACAAACTACTGCGAAAGCATTTACCAAGGATGTTTT","AGCTCCAATAGCGTATATTAAAGTTGTTGCGGTTAAAAAGCTCGTAGTTGGATTTCTGTTGGGAACGACCGGTCCGCCCATTGGGTGTGCATCTGGCTTGTTCTCGGCATCTTCTTGGTGAACGTTGCTGCACTTGACTGTGTGGAGCGCTACCCAGGACTTTTACTTTGAGGAAATTAGAGTGTTTCAAGCAGGCATATGCCTTGAATACATTAGCATGGAATAATAAGATAGGACCTCGGTTCTATTTTGTTGGTTTCTAGAGCTGAGGTAATGATTAATAGGGATAGTTGGGGGCATTCGTATTTAACTGTCAGAGGTGAAATTCTTGGATTTGTTAAAGACGGACTACTGCGAAAGCATTTGCCAAGGATGTTTT_AGCTCCAATAGCGTATATTAAAGTTGTTGCGGTTAAAAAGCTCGTAGTTGGATTTCTGTTGGGAACGACCGGTCCGCCCATTGGGTGTGCATCTGGCTTGTTCTCGGCATCTTCTTGGTGAACGTTGCTGCACTTGACTGTGTGGAGCGCTACCCAGGACTTTTACTTTGAGGAAATTAGAGTGTTTCAAGCAGGCATATGCCTTGAATACATTAGCATGGAATAATAAGATAGGACCTCGGTTCTATTTTGTTGGTTTCTAGAGCTGAGGTAATGATTAATAGGGATAGTTGGGGGCATTCGTATTTAACTGTCAGAGGTGAAATTCTTGGATTTGTTAAAGACGGACTACTGCGAAAGCATTTGCCAAGGATGTTTT_AGCTCCAATAGCGTATATTAAAGTTGTTGCGGTTAAAAAGCTCGTAGTTGGATTTCTGTTGGGAACGACCGGTCCGCCCATTGGGTGTGCATCTGGCTTGTTCTCGGCATCTTCTTGGTGAACGTTGCTGCACTTGACTGTGTGGAGCGCTACCCAGGACTTTTACTTTGAGGAAATTAGAGTGTTTCAAGCAGGCATATGCCTTGAATACATTAGCATGGAATAATAAGATAGGACCTCGGTTCTATTTTGTTGGTTTCTAGAGCTGAGGTAATGATTAATAGGGATAGTTGGGGGCATTCGTATTTAACTGTCAGAGGTGAAATTCTTGGATTTGTTAAAGACGGACTACTGCGAAAGCATTTGCCAAGGATGTTTT"
"Pseudo-nitzschia_sp.;","Gyrodinium","AGCTCCAATAGCGTATATTAAAGTTGTTGCAGTTAAAAAGCTCGTAGTTGGATTTGTGGTGTGTCCAGTCGGCCTTTGCTCTTTGAGTGATTGTGCTGTACTGGTCTGCCATGTTTGGGTGGAATCTGTGTGGCATTAGGTTGTCGTGCAGGGGATGCCCATCGTTTACTGTGAAAAAATTAGAGTGTTCAAAGCAGGCTTATGCCGTTGAATATATTAGCATGGAATAATGATATAGGACCTTGGTACTATTTTGTTGGTTTGCGCACTAAGGTAATGATTAAGAGGGACAGTTGGGGGTATTTGTATTCCATTGTCAGAGGTGAAATTCTTGGATTTTTGGAAGACAAACTACTGCGAAAGCATTTACCAAGGATGTTTT_AGCTCCAATAGCGTATATTAAAGTTGTTGCAGTTAAAAAGCTCGTAGTTGGATTTGTGGTGTGTCCAGTCGGCCTTTGCTCTTTGAGTGATTGTGCTGTACTGGTCTGCCATGTTTGGGTGGAATCTGTGTGGCATTAGGTTGTCGTGCAGGGGATGCCCATCGTTTACTGTGAAAAAATTAGAGTGTTCAAAGCAGGCTTATGCCGTTGAATATATTAGCATGGAATAATGATATAGGACCTTGGTACTATTTTGTTGGTTTGCGCACTAAGGTAATGATTAAGAGGGACAGTTGGGGGTATTTGTATTCCATTGTCAGAGGTGAAATTCTTGGATTTTTGGAAGACAAACTACTGCGAAAGCATTTACCAAGGATGTTTT_AGCTCCAATAGCGTATATTAAAGTTGTTGCAGTTAAAAAGCTCGTAGTTGGATTTGTGGTGTGTCCAGTCGGCCTTTGCTCTTTGAGTGATTGTGCTGTACTGGTCTGCCATGTTTGGGTGGAATCTGTGTGGCATTAGGTTGTCGTGCAGGGGATGCCCATCGTTTACTGTGAAAAAATTAGAGTGTTCAAAGCAGGCTTATGCCGTTGAATATATTAGCATGGAATAATGATATAGGACCTTGGTACTATTTTGTTGGTTTGCGCACTAAGGTAATGATTAAGAGGGACAGTTGGGGGTATTTGTATTCCATTGTCAGAGGTGAAATTCTTGGATTTTTGGAAGACAAACTACTGCGAAAGCATTTACCAAGGATGTTTT","AGCTCCAATAGCGTATATTAAAGTTGTTGCGGTTAAAAAGCTCGTAGTTGGATTTCTGCTGAGGACGACCGGTCCGCCCTCTGGGTGAGTATCTGGCTTGGCCTTGGCATCTTCTTGGAGAACGTAGCTGCACTTGACTGTGTGGTGCGGTATCCAGGACTTTTACTTTGAGGAAATTAGAGTGTTTCAAGCAGGCACACGCCTTGAATACATTAGCATGGAATAATAAGATAGGACCTTGGTTCTATTTTGTTGGTTTCTAGAGCTGAGGTAATGATTAATAGGGATAGTTGGGGGCATTCGTATTTAACTGTCAGAGGTGAAATTCTTGGATTTGTTAAAGACGGACTACTGCGAAAGCATTTGCCAAGGATGTTTT_AGCTCCAATAGCGTATATTAAAGTTGTTGCGGTTAAAAAGCTCGTAGTTGGATTTCTGCTGAGGACGACCGGTCCGCCCTCTGGGTGAGTATCTGGCTTGGCCTTGGCATCTTCTTGGAGAACGTAGCTGCACTTGACTGTGTGGTGCGGTATCCAGGACTTTTACTTTGAGGAAATTAGAGTGTTTCAAGCAGGCACACGCCTTGAATACATTAGCATGGAATAATAAGATAGGACCTTGGTTCTATTTTGTTGGTTTCTAGAGCTGAGGTAATGATTAATAGGGATAGTTGGGGGCATTCGTATTTAACTGTCAGAGGTGAAATTCTTGGATTTGTTAAAGACGGACTACTGCGAAAGCATTTGCCAAGGATGTTTT_AGCTCCAATAGCGTATATTAAAGTTGTTGCGGTTAAAAAGCTCGTAGTTGGATTTCTGCTGAGGACGACCGGTCCGCCCTCTGGGTGAGTATCTGGCTTGGCCTTGGCATCTTCTTGGAGAACGTAGCTGCACTTGACTGTGTGGTGCGGTATCCAGGACTTTTACTTTGAGGAAATTAGAGTGTTTCAAGCAGGCACACGCCTTGAATACATTAGCATGGAATAATAAGATAGGACCTTGGTTCTATTTTGTTGGTTTCTAGAGCTGAGGTAATGATTAATAGGGATAGTTGGGGGCATTCGTATTTAACTGTCAGAGGTGAAATTCTTGGATTTGTTAAAGACGGACTACTGCGAAAGCATTTGCCAAGGATGTTTT"
"Guinardia","Prorocentrum","AGCTCCAATAGCGTATATTAAAGTTGTTGCAGTTAAAAAGCTCGTAGTTGGATTTCTGGTGGGAGCAGTCGGTCCTTGATTCATTTCTTGGAACCTGATTGTCTCCTGCCATCCATGGAGAAAACTAATCTGGCATTAAGTTGTCGGGTTGGCAATCTCCATCTTTTACTGTGAAAAAATTAGAGTGTTCAAAGCAGGCTTATGCCGTTGAATATATTAGCATGGAATAATAAGATAGGACTATGGTACTATTTTGTTGGTTTGTGCACCATGGTAATGATTAATAGGGACAGTTGGGGGTATTCGTATTCCATTGTCAGAGGTGAAATTCTTGGATTTATGGAAGACGAACTACTGCGAAAGCATTTACCAAGGATGTTTT_AGCTCCAATAGCGTATATTAAAGTTGTTGCAGTTAAAAAGCTCGTAGTTGGATTTCTGGTGGGAGCAGTCGGTCCTTGATTCATTTCTTGGAACCTGATTGTCTCCTGCCATCCATGGAGAAAACTAATCTGGCATTAAGTTGTCGGGTTGGCAATCTCCATCTTTTACTGTGAAAAAATTAGAGTGTTCAAAGCAGGCTTATGCCGTTGAATATATTAGCATGGAATAATAAGATAGGACTATGGTACTATTTTGTTGGTTTGTGCACCATGGTAATGATTAATAGGGACAGTTGGGGGTATTCGTATTCCATTGTCAGAGGTGAAATTCTTGGATTTATGGAAGACGAACTACTGCGAAAGCATTTACCAAGGATGTTTT_AGCTCCAATAGCGTATATTAAAGTTGTTGCAGTTAAAAAGCTCGTAGTTGGATTTCTGGTGGGAGCAGTCGGTCCTTGATTCATTTCTTGGAACCTGATTGTCTCCTGCCATCCATGGAGAAAACTAATCTGGCATTAAGTTGTCGGGTTGGCAATCTCCATCTTTTACTGTGAAAAAATTAGAGTGTTCAAAGCAGGCTTATGCCGTTGAATATATTAGCATGGAATAATAAGATAGGACTATGGTACTATTTTGTTGGTTTGTGCACCATGGTAATGATTAATAGGGACAGTTGGGGGTATTCGTATTCCATTGTCAGAGGTGAAATTCTTGGATTTATGGAAGACGAACTACTGCGAAAGCATTTACCAAGGATGTTTT","AGCTCCAATAGCGTATATTAAAGTTGTTGCGGTTAAAAAGCTCGTAGTTGGATTTCTGCCGAGGACGACCGGTCCGCCCTCTGGGTGAGTATCTGGCTCGGCCTGGGCATCTTCTTGGAGAACGTAGCTGCACTTGACTGTGTGGTGCGGTATCCAGGACTTTTACTTTGAGGAAATTAGAGTGTTTCAAGCAGGCTTACGCCTTGAATACATTAGCATGGAATAATAAGATAGGACCTCGGTTCTATTTTGTTGGTTTCTAGAGCTGAGGTAATGATTAATAGGGATAGTTGGGGGCATTCGTATTTAACTGTCAGAGGTGAAATTCTTGGATTTGTTAAAGACGGACTACTGCGAAAGCATTTGCCAAGGATGTTTT_AGCTCCAATAGCGTATATTAAAGTTGTTGCGGTTAAAAAGCTCGTAGTTGGATTTCTGCCGAGGACGACCGGTCCGCCCTCTGGGTGAGTATCTGGCTCGGCCTGGGCATCTTCTTGGAGAACGTAGCTGCACTTGACTGTGTGGTGCGGTATCCAGGACTTTTACTTTGAGGAAATTAGAGTGTTTCAAGCAGGCTTACGCCTTGAATACATTAGCATGGAATAATAAGATAGGACCTCGGTTCTATTTTGTTGGTTTCTAGAGCTGAGGTAATGATTAATAGGGATAGTTGGGGGCATTCGTATTTAACTGTCAGAGGTGAAATTCTTGGATTTGTTAAAGACGGACTACTGCGAAAGCATTTGCCAAGGATGTTTT_AGCTCCAATAGCGTATATTAAAGTTGTTGCGGTTAAAAAGCTCGTAGTTGGATTTCTGCCGAGGACGACCGGTCCGCCCTCTGGGTGAGTATCTGGCTCGGCCTGGGCATCTTCTTGGAGAACGTAGCTGCACTTGACTGTGTGGTGCGGTATCCAGGACTTTTACTTTGAGGAAATTAGAGTGTTTCAAGCAGGCTTACGCCTTGAATACATTAGCATGGAATAATAAGATAGGACCTCGGTTCTATTTTGTTGGTTTCTAGAGCTGAGGTAATGATTAATAGGGATAGTTGGGGGCATTCGTATTTAACTGTCAGAGGTGAAATTCTTGGATTTGTTAAAGACGGACTACTGCGAAAGCATTTGCCAAGGATGTTTT"
"Raphid-pennate","Gyrodinium_dominans;","AGCTCCAATAGCGTATATTAAAGTTGTTGCAGTTAAAAAGCTCGTAGTTGGATTTGTGGCATACGGTGGGCGCCCGTCACTATTGGGTGTCGGTGTTGTCTGCTGTTGCCATCCTTGGGCGGAATCTGTGTGGCATTAGGTTGTCGTGCAGGGGATGTCCATCGTTTACTGTGAAAAAATTAGAGTGTTCAAAGCAGGCTTATGCCGTTGAATATATTAGCATGGAATAATAAGATAGGTCCTTAGTACTATTTTGTTGGTTTGCGCACTGAGGAAATGATTAACAGAAACAGTTGGGGGTATTCGTATTTCATTGTCAGAGGTGAAATTCTTGGATTTTTGAAAGACGAACTACTGCGAAAGCATTTACCAAGGATGTTTT_AGCTCCAATAGCGTATATTAAAGTTGTTGCAGTTAAAAAGCTCGTAGTTGGATTTGTGGCATACGGTGGGCGCCCGTCACTATTGGGTGTCGGTGTTGTCTGCTGTTGCCATCCTTGGGCGGAATCTGTGTGGCATTAGGTTGTCGTGCAGGGGATGTCCATCGTTTACTGTGAAAAAATTAGAGTGTTCAAAGCAGGCTTATGCCGTTGAATATATTAGCATGGAATAATAAGATAGGTCCTTAGTACTATTTTGTTGGTTTGCGCACTGAGGAAATGATTAACAGAAACAGTTGGGGGTATTCGTATTTCATTGTCAGAGGTGAAATTCTTGGATTTTTGAAAGACGAACTACTGCGAAAGCATTTACCAAGGATGTTTT_AGCTCCAATAGCGTATATTAAAGTTGTTGCAGTTAAAAAGCTCGTAGTTGGATTTGTGGCATACGGTGGGCGCCCGTCACTATTGGGTGTCGGTGTTGTCTGCTGTTGCCATCCTTGGGCGGAATCTGTGTGGCATTAGGTTGTCGTGCAGGGGATGTCCATCGTTTACTGTGAAAAAATTAGAGTGTTCAAAGCAGGCTTATGCCGTTGAATATATTAGCATGGAATAATAAGATAGGTCCTTAGTACTATTTTGTTGGTTTGCGCACTGAGGAAATGATTAACAGAAACAGTTGGGGGTATTCGTATTTCATTGTCAGAGGTGAAATTCTTGGATTTTTGAAAGACGAACTACTGCGAAAGCATTTACCAAGGATGTTTT","AGCTCCAATAGCGTATATTAAAGTTGTTGCGGTTAAAAAGCTCGTAGTTGGATTTCTGTTGGGAACGACCGGTCCGCCCATTGGGTGTGTATCTGGCTTGTTCTCGGCATCTTCTTGGTGAACGTTGCTGCACTTGACTGTGTGGAGCGCTACCCAGGACTTTTACTTTGAGGAAATTAGAGTGTTTCAAGCAGGCATATGCCTTGAATACATTAGCATGGAATAATAAGATAGGACCTCGGTTCTATTTTGTTGGTTTCTAGAGCTGAGGTAATGATTAATAGGGATAGTTGGGGGCATTCGTATTTAACTGTCAGAGGTGAAATTCTTGGATTTGTTAAAGACGGACTACTGCGAAAGCATTTGCCAAGGATGTTTT_AGCTCCAATAGCGTATATTAAAGTTGTTGCGGTTAAAAAGCTCGTAGTTGGATTTCTGTTGGGAACGACCGGTCCGCCCATTGGGTGTGTATCTGGCTTGTTCTCGGCATCTTCTTGGTGAACGTTGCTGCACTTGACTGTGTGGAGCGCTACCCAGGACTTTTACTTTGAGGAAATTAGAGTGTTTCAAGCAGGCATATGCCTTGAATACATTAGCATGGAATAATAAGATAGGACCTCGGTTCTATTTTGTTGGTTTCTAGAGCTGAGGTAATGATTAATAGGGATAGTTGGGGGCATTCGTATTTAACTGTCAGAGGTGAAATTCTTGGATTTGTTAAAGACGGACTACTGCGAAAGCATTTGCCAAGGATGTTTT_AGCTCCAATAGCGTATATTAAAGTTGTTGCGGTTAAAAAGCTCGTAGTTGGATTTCTGTTGGGAACGACCGGTCCGCCCATTGGGTGTGTATCTGGCTTGTTCTCGGCATCTTCTTGGTGAACGTTGCTGCACTTGACTGTGTGGAGCGCTACCCAGGACTTTTACTTTGAGGAAATTAGAGTGTTTCAAGCAGGCATATGCCTTGAATACATTAGCATGGAATAATAAGATAGGACCTCGGTTCTATTTTGTTGGTTTCTAGAGCTGAGGTAATGATTAATAGGGATAGTTGGGGGCATTCGTATTTAACTGTCAGAGGTGAAATTCTTGGATTTGTTAAAGACGGACTACTGCGAAAGCATTTGCCAAGGATGTTTT"
"Rhizosolenia_delicatula;","Heterocapsa","AGCTCCAATAGCGTATATTAAAGTTGTTGCAGTTAAAAAGCTCGTAGTTGGATTTCTGGCGGGAGCGATCGGTCCTTCACTCAGTGTTGGAACCTGATTGTCTCCTACCATCCATGGAGAAAACTTATCTGGCATTAAGTTGTCGGGTAGGCAATCTCCATCTTTTACTGTGAAAAAATTAGAGTGTTCAAAGCAGGCTTATGCCGTTGAATATATTAGCATGGAATAATAAGATAGGACTATGGTACTATTTTGTTGGTTTGTGCACCATGGTAATGATTAATAGGGACAGTTGGGGGTATTCGTATTCCATTGTCAGAGGTGAAATTCTTGGATTTATGGAAGACGAACTACTGCGAAAGCATTTACCAAGGATGTTTT_AGCTCCAATAGCGTATATTAAAGTTGTTGCAGTTAAAAAGCTCGTAGTTGGATTTCTGGCGGGAGCGATCGGTCCTTCACTCAGTGTTGGAACCTGATTGTCTCCTACCATCCATGGAGAAAACTTATCTGGCATTAAGTTGTCGGGTAGGCAATCTCCATCTTTTACTGTGAAAAAATTAGAGTGTTCAAAGCAGGCTTATGCCGTTGAATATATTAGCATGGAATAATAAGATAGGACTATGGTACTATTTTGTTGGTTTGTGCACCATGGTAATGATTAATAGGGACAGTTGGGGGTATTCGTATTCCATTGTCAGAGGTGAAATTCTTGGATTTATGGAAGACGAACTACTGCGAAAGCATTTACCAAGGATGTTTT_AGCTCCAATAGCGTATATTAAAGTTGTTGCAGTTAAAAAGCTCGTAGTTGGATTTCTGGCGGGAGCGATCGGTCCTTCACTCAGTGTTGGAACCTGATTGTCTCCTACCATCCATGGAGAAAACTTATCTGGCATTAAGTTGTCGGGTAGGCAATCTCCATCTTTTACTGTGAAAAAATTAGAGTGTTCAAAGCAGGCTTATGCCGTTGAATATATTAGCATGGAATAATAAGATAGGACTATGGTACTATTTTGTTGGTTTGTGCACCATGGTAATGATTAATAGGGACAGTTGGGGGTATTCGTATTCCATTGTCAGAGGTGAAATTCTTGGATTTATGGAAGACGAACTACTGCGAAAGCATTTACCAAGGATGTTTT","AGCTCCAATAGCGTATATTAAAGTTGTTGCGGTTAAAAAGCTCGTAGTTGGATTTCTGCCGAGGACGACCGGTCCGCCCTCTGGGTGAGTATCTGGCTCGGCCTGGGCATCTTCTTGGAGAACGTAACTGCACTTGACTGTGTGGTGCGGTATCCAGGACTTTTACTTTGAGGAAATTAGAGTGTTTCAAGCAGGCACACGCCTTGAATACATTAGCATGGAATAATAATATAGGACCTCGGTTCTATTTTGTTGGTTTCTAGAGCTGAGGTAATGATTAATAGGGATAGTTGGGGGCATTCGTATTTAACTGTCAGAGGTGAAATTCTTGGATTTGTTAAAGACGGACTACTGCGAAAGCATTTGCCAAGGATGTTTT_AGCTCCAATAGCGTATATTAAAGTTGTTGCGGTTAAAAAGCTCGTAGTTGGATTTCTGCCGAGGACGACCGGTCCGCCCTCTGGGTGAGTATCTGGCTCGGCCTGGGCATCTTCTTGGAGAACGTAACTGCACTTGACTGTGTGGTGCGGTATCCAGGACTTTTACTTTGAGGAAATTAGAGTGTTTCAAGCAGGCACACGCCTTGAATACATTAGCATGGAATAATAATATAGGACCTCGGTTCTATTTTGTTGGTTTCTAGAGCTGAGGTAATGATTAATAGGGATAGTTGGGGGCATTCGTATTTAACTGTCAGAGGTGAAATTCTTGGATTTGTTAAAGACGGACTACTGCGAAAGCATTTGCCAAGGATGTTTT_AGCTCCAATAGCGTATATTAAAGTTGTTGCGGTTAAAAAGCTCGTAGTTGGATTTCTGCCGAGGACGACCGGTCCGCCCTCTGGGTGAGTATCTGGCTCGGCCTGGGCATCTTCTTGGAGAACGTAACTGCACTTGACTGTGTGGTGCGGTATCCAGGACTTTTACTTTGAGGAAATTAGAGTGTTTCAAGCAGGCACACGCCTTGAATACATTAGCATGGAATAATAATATAGGACCTCGGTTCTATTTTGTTGGTTTCTAGAGCTGAGGTAATGATTAATAGGGATAGTTGGGGGCATTCGTATTTAACTGTCAGAGGTGAAATTCTTGGATTTGTTAAAGACGGACTACTGCGAAAGCATTTGCCAAGGATGTTTT"
"Leptocylindrus_convexus;","Prorocentrum","AGCTCCAATAGCGTACATTAAAGTTGTTGCAGTTAAAAAGCTCGTAGTTGGATTTCTGGTGTCGTGTTGTATCCGTACGATTAAGTTCGTCTCGAGTTACATTCACGTCGCCATCTTTTAACAGAGCTTGCCTGGCATTAGGTTGTTGGGCAAGTTATGTTAATCGTTTACTGTGAAGAAATTAGAGTGTTCAAAGCAGGCTTATGCCGTTGAATACGTTAGCATGGAATAATGAGATAGGACCTTGATACTATTTTGTTGGTTTGCGCATTAAGGTAATGATTAATAGGGTCAGTTGGGGGTATTCGTATTTCGTTGTCAGAGGTGAAATTCTTGGATTTACGAAAGACGAACGACTGCGAAAGCATTTACCAAGGATGTTTT_AGCTCCAATAGCGTACATTAAAGTTGTTGCAGTTAAAAAGCTCGTAGTTGGATTTCTGGTGTCGTGTTGTATCCGTACGATTAAGTTCGTCTCGAGTTACATTCACGTCGCCATCTTTTAACAGAGCTTGCCTGGCATTAGGTTGTTGGGCAAGTTATGTTAATCGTTTACTGTGAAGAAATTAGAGTGTTCAAAGCAGGCTTATGCCGTTGAATACGTTAGCATGGAATAATGAGATAGGACCTTGATACTATTTTGTTGGTTTGCGCATTAAGGTAATGATTAATAGGGTCAGTTGGGGGTATTCGTATTTCGTTGTCAGAGGTGAAATTCTTGGATTTACGAAAGACGAACGACTGCGAAAGCATTTACCAAGGATGTTTT_AGCTCCAATAGCGTACATTAAAGTTGTTGCAGTTAAAAAGCTCGTAGTTGGATTTCTGGTGTCGTGTTGTATCCGTACGATTAAGTTCGTCTCGAGTTACATTCACGTCGCCATCTTTTAACAGAGCTTGCCTGGCATTAGGTTGTTGGGCAAGTTATGTTAATCGTTTACTGTGAAGAAATTAGAGTGTTCAAAGCAGGCTTATGCCGTTGAATACGTTAGCATGGAATAATGAGATAGGACCTTGATACTATTTTGTTGGTTTGCGCATTAAGGTAATGATTAATAGGGTCAGTTGGGGGTATTCGTATTTCGTTGTCAGAGGTGAAATTCTTGGATTTACGAAAGACGAACGACTGCGAAAGCATTTACCAAGGATGTTTT","AGCTCCAATAGCGTATATTAAAGTTGTTGCGGTTAAAAAGCTCGTAGTTGGATTTCTGCCGAGGACGACCGGTCCGCCCTCTGGGTGAGTATCTGGCTCGGCCTGGGCATCTTCTTGGAGAACGTAGCTGCACTTGACTGTGTGGTGCGGTATCCAGGACTTTTACTTTGAGGAAATTAGAGTGTTTCAAGCAGGCTTTCGCCTTGAATACATTAGCATGGAATAATAAGATAGGACCTCGGTTCTATTTTGTTGGTTTCTAGAGCTGAGGTAATGATTAATAGGGATAGTTGGGGGCATTCGTATTTAACTGTCAGAGGTGAAATTCTTGGATTTGTTAAAGACGGACTACTGCGAAAGCATTTGCCAAGGATGTTTT_AGCTCCAATAGCGTATATTAAAGTTGTTGCGGTTAAAAAGCTCGTAGTTGGATTTCTGCCGAGGACGACCGGTCCGCCCTCTGGGTGAGTATCTGGCTCGGCCTGGGCATCTTCTTGGAGAACGTAGCTGCACTTGACTGTGTGGTGCGGTATCCAGGACTTTTACTTTGAGGAAATTAGAGTGTTTCAAGCAGGCTTTCGCCTTGAATACATTAGCATGGAATAATAAGATAGGACCTCGGTTCTATTTTGTTGGTTTCTAGAGCTGAGGTAATGATTAATAGGGATAGTTGGGGGCATTCGTATTTAACTGTCAGAGGTGAAATTCTTGGATTTGTTAAAGACGGACTACTGCGAAAGCATTTGCCAAGGATGTTTT_AGCTCCAATAGCGTATATTAAAGTTGTTGCGGTTAAAAAGCTCGTAGTTGGATTTCTGCCGAGGACGACCGGTCCGCCCTCTGGGTGAGTATCTGGCTCGGCCTGGGCATCTTCTTGGAGAACGTAGCTGCACTTGACTGTGTGGTGCGGTATCCAGGACTTTTACTTTGAGGAAATTAGAGTGTTTCAAGCAGGCTTTCGCCTTGAATACATTAGCATGGAATAATAAGATAGGACCTCGGTTCTATTTTGTTGGTTTCTAGAGCTGAGGTAATGATTAATAGGGATAGTTGGGGGCATTCGTATTTAACTGTCAGAGGTGAAATTCTTGGATTTGTTAAAGACGGACTACTGCGAAAGCATTTGCCAAGGATGTTTT"
"Thalassiosira_concaviuscula;","Gymnodiniaceae","AGCTCCAATAGCGTATATTAAAGTTGTTGCAGTTAAAAAGCTCGTAGTTGGATTTCTGGCAGGAGGAGCCGGTCACACACTCTGTGCGTGAACTCGTGCTGTCTCTGGCCATCCTCGGGGAGATCCTGTTTGGCATTAAGTTGTCGGGCAGGGGATACCCGTCGTTTACTGTGAAAAAATTAGAGTGTTTAAAGCAGGCTTATGCCGTTGAATATATTAGCATGGAATAATAAGATAGGACTTCGGAACTATTTTGTTGGTTTGCGTTACGAAGTAATGATTAATAGGGACAGTTGGGGGTATTCGTATTTCATTGTCAGAGGTGAAATTCTTGGATTTCTGAAAGACGAACTACTGCGAAAGCATTTACCAAGGATGTTTT_AGCTCCAATAGCGTATATTAAAGTTGTTGCAGTTAAAAAGCTCGTAGTTGGATTTCTGGCAGGAGGAGCCGGTCACACACTCTGTGCGTGAACTCGTGCTGTCTCTGGCCATCCTCGGGGAGATCCTGTTTGGCATTAAGTTGTCGGGCAGGGGATACCCGTCGTTTACTGTGAAAAAATTAGAGTGTTTAAAGCAGGCTTATGCCGTTGAATATATTAGCATGGAATAATAAGATAGGACTTCGGAACTATTTTGTTGGTTTGCGTTACGAAGTAATGATTAATAGGGACAGTTGGGGGTATTCGTATTTCATTGTCAGAGGTGAAATTCTTGGATTTCTGAAAGACGAACTACTGCGAAAGCATTTACCAAGGATGTTTT_AGCTCCAATAGCGTATATTAAAGTTGTTGCAGTTAAAAAGCTCGTAGTTGGATTTCTGGCAGGAGGAGCCGGTCACACACTCTGTGCGTGAACTCGTGCTGTCTCTGGCCATCCTCGGGGAGATCCTGTTTGGCATTAAGTTGTCGGGCAGGGGATACCCGTCGTTTACTGTGAAAAAATTAGAGTGTTTAAAGCAGGCTTATGCCGTTGAATATATTAGCATGGAATAATAAGATAGGACTTCGGAACTATTTTGTTGGTTTGCGTTACGAAGTAATGATTAATAGGGACAGTTGGGGGTATTCGTATTTCATTGTCAGAGGTGAAATTCTTGGATTTCTGAAAGACGAACTACTGCGAAAGCATTTACCAAGGATGTTTT","AGCTCCAATAGCGTATATTAAAGTTGTTGCGGTTAAAAAGCTCGTAGTTGGATTTCTGCTGAGGACGACCGGTCCGCCCTCTGGGTGAGTATCTGGCTCGGCCTTGGCATCTTCTTGGGGAACGTAACTGCACTTGACTGTGTGGTGCGGTATCCAGGACTTTTACTTTGAGGAAATTAGAGTGTTTCAAGCAGGCTTACGCCTTGAATACATTAGCATGGAATAATAAGATAGGACCTTGGTTCTATTTTGTTGGTTTCTAGAGCTGAGGTAATGATTAATAGGGATAGTTGGGGGCATTCGTATTTAACTGTCAGAGGTGAAATTCTTGGATTTGTTAAAGACGGACTACTGCGAAAGCATTTGCCAAGGATGTTTT_AGCTCCAATAGCGTATATTAAAGTTGTTGCGGTTAAAAAGCTCGTAGTTGGATTTCTGCTGAGGACGACCGGTCCGCCCTCTGGGTGAGTATCTGGCTCGGCCTTGGCATCTTCTTGGGGAACGTAACTGCACTTGACTGTGTGGTGCGGTATCCAGGACTTTTACTTTGAGGAAATTAGAGTGTTTCAAGCAGGCTTACGCCTTGAATACATTAGCATGGAATAATAAGATAGGACCTTGGTTCTATTTTGTTGGTTTCTAGAGCTGAGGTAATGATTAATAGGGATAGTTGGGGGCATTCGTATTTAACTGTCAGAGGTGAAATTCTTGGATTTGTTAAAGACGGACTACTGCGAAAGCATTTGCCAAGGATGTTTT_AGCTCCAATAGCGTATATTAAAGTTGTTGCGGTTAAAAAGCTCGTAGTTGGATTTCTGCTGAGGACGACCGGTCCGCCCTCTGGGTGAGTATCTGGCTCGGCCTTGGCATCTTCTTGGGGAACGTAACTGCACTTGACTGTGTGGTGCGGTATCCAGGACTTTTACTTTGAGGAAATTAGAGTGTTTCAAGCAGGCTTACGCCTTGAATACATTAGCATGGAATAATAAGATAGGACCTTGGTTCTATTTTGTTGGTTTCTAGAGCTGAGGTAATGATTAATAGGGATAGTTGGGGGCATTCGTATTTAACTGTCAGAGGTGAAATTCTTGGATTTGTTAAAGACGGACTACTGCGAAAGCATTTGCCAAGGATGTTTT"
"Pseudo-nitzschia_sp.;","Polykrikos_kofoidii;","AGCTCCAATAGCGTATATTAAAGTTGTTGCAGTTAAAAAGCTCGTAGTTGGATTTGTGGTGTGTCCAGTCGGCCTTCGCTTTTAGTGATAGCGCTGTACTGGTCTGCCATGTTTGGGTGGAATCTGTGTGGCATTAGGTTGTCGTGCAGGGGATGCCCATCGTTTACTGTGAAAAAATTAGAGTGTTCAAAGCAGGCTTATGCCGTTGAATATATTAGCATGGAATAATAATATAGGACCTTGGTACTATTTTGTTGGTTTGCGCACTAAGGTAATGATTAAGAGGGACAGTTGGGGGTATTTGTATTCCATTGTCAGAGGTGAAATTCTTGGATTTTTGGAAGACAAACTACTGCGAAAGCATTTACCAAGGATGTTTT_AGCTCCAATAGCGTATATTAAAGTTGTTGCAGTTAAAAAGCTCGTAGTTGGATTTGTGGTGTGTCCAGTCGGCCTTCGCTTTTAGTGATAGCGCTGTACTGGTCTGCCATGTTTGGGTGGAATCTGTGTGGCATTAGGTTGTCGTGCAGGGGATGCCCATCGTTTACTGTGAAAAAATTAGAGTGTTCAAAGCAGGCTTATGCCGTTGAATATATTAGCATGGAATAATAATATAGGACCTTGGTACTATTTTGTTGGTTTGCGCACTAAGGTAATGATTAAGAGGGACAGTTGGGGGTATTTGTATTCCATTGTCAGAGGTGAAATTCTTGGATTTTTGGAAGACAAACTACTGCGAAAGCATTTACCAAGGATGTTTT_AGCTCCAATAGCGTATATTAAAGTTGTTGCAGTTAAAAAGCTCGTAGTTGGATTTGTGGTGTGTCCAGTCGGCCTTCGCTTTTAGTGATAGCGCTGTACTGGTCTGCCATGTTTGGGTGGAATCTGTGTGGCATTAGGTTGTCGTGCAGGGGATGCCCATCGTTTACTGTGAAAAAATTAGAGTGTTCAAAGCAGGCTTATGCCGTTGAATATATTAGCATGGAATAATAATATAGGACCTTGGTACTATTTTGTTGGTTTGCGCACTAAGGTAATGATTAAGAGGGACAGTTGGGGGTATTTGTATTCCATTGTCAGAGGTGAAATTCTTGGATTTTTGGAAGACAAACTACTGCGAAAGCATTTACCAAGGATGTTTT","AGCTCCAATAGCGTATATTAAAGTTGTTGCGGTTAAAAAGCTCGTAGTTGGATTTCTGTCGAAAACGACTGGTCCGCCCACTGGGTGTGTATCTGGCTCGGTTTCGGCATCTTCGTGGGGAACGTTGCTGCACTTGACTGTGTGGTACGGTATCCATGACATTTACTTTGAGGAAATTAGAGTGTTTCAAGCAGGCGCACGCCTTGAATACATTAGCATGGAATAATAAGATAGGACCTTTGTTCTATTTTGTTGGTTTCTAGAACTGAGGTAATGATTAATAGGGATAGTTGGGGGCATTCGTATTTAACTGTCAGAGGTGAAATTCTTGGATTTGTTAAAGACGGACTACTGCGAAAGCATTTGCCAAGGATGTTTT_AGCTCCAATAGCGTATATTAAAGTTGTTGCGGTTAAAAAGCTCGTAGTTGGATTTCTGTCGAAAACGACTGGTCCGCCCACTGGGTGTGTATCTGGCTCGGTTTCGGCATCTTCGTGGGGAACGTTGCTGCACTTGACTGTGTGGTACGGTATCCATGACATTTACTTTGAGGAAATTAGAGTGTTTCAAGCAGGCGCACGCCTTGAATACATTAGCATGGAATAATAAGATAGGACCTTTGTTCTATTTTGTTGGTTTCTAGAACTGAGGTAATGATTAATAGGGATAGTTGGGGGCATTCGTATTTAACTGTCAGAGGTGAAATTCTTGGATTTGTTAAAGACGGACTACTGCGAAAGCATTTGCCAAGGATGTTTT_AGCTCCAATAGCGTATATTAAAGTTGTTGCGGTTAAAAAGCTCGTAGTTGGATTTCTGTCGAAAACGACTGGTCCGCCCACTGGGTGTGTATCTGGCTCGGTTTCGGCATCTTCGTGGGGAACGTTGCTGCACTTGACTGTGTGGTACGGTATCCATGACATTTACTTTGAGGAAATTAGAGTGTTTCAAGCAGGCGCACGCCTTGAATACATTAGCATGGAATAATAAGATAGGACCTTTGTTCTATTTTGTTGGTTTCTAGAACTGAGGTAATGATTAATAGGGATAGTTGGGGGCATTCGTATTTAACTGTCAGAGGTGAAATTCTTGGATTTGTTAAAGACGGACTACTGCGAAAGCATTTGCCAAGGATGTTTT"
"Leptocylindrus_aporus;","Gymnodinium_sp.;","AGCTCCAATAGCGTATATTAAAGTTGTTGCAGTTAAAAAGCTCGTAGTTGGATTTCTGGTGCATTCCACTGGCCTATTGGTTAACTCCAACTTGGCTCATTTGGAATACGCCATCTTTAGGCAGACCCGTCGTGGCATTAGGTTGTCGTGATGGTTACGCCTATCGTTTACTGTGAAGAAATTAGGGTGTTCAAAGCAGGCTTATGCCATGAATACGTTAGCATGGAATAATGAGATAGGATTTCGGTACTATTTTGTTGGTTTGTGTACGGAAATAATGATTAACAGGAACAGTGTTGTGGGTATTCGTATTTCGTTGTCAGAGGTGAAATTCTTGGATTTACGAAAGACGAACGACTGCGAAAGCATTTACCAAGGATGTTTT_AGCTCCAATAGCGTATATTAAAGTTGTTGCAGTTAAAAAGCTCGTAGTTGGATTTCTGGTGCATTCCACTGGCCTATTGGTTAACTCCAACTTGGCTCATTTGGAATACGCCATCTTTAGGCAGACCCGTCGTGGCATTAGGTTGTCGTGATGGTTACGCCTATCGTTTACTGTGAAGAAATTAGGGTGTTCAAAGCAGGCTTATGCCATGAATACGTTAGCATGGAATAATGAGATAGGATTTCGGTACTATTTTGTTGGTTTGTGTACGGAAATAATGATTAACAGGAACAGTGTTGTGGGTATTCGTATTTCGTTGTCAGAGGTGAAATTCTTGGATTTACGAAAGACGAACGACTGCGAAAGCATTTACCAAGGATGTTTT_AGCTCCAATAGCGTATATTAAAGTTGTTGCAGTTAAAAAGCTCGTAGTTGGATTTCTGGTGCATTCCACTGGCCTATTGGTTAACTCCAACTTGGCTCATTTGGAATACGCCATCTTTAGGCAGACCCGTCGTGGCATTAGGTTGTCGTGATGGTTACGCCTATCGTTTACTGTGAAGAAATTAGGGTGTTCAAAGCAGGCTTATGCCATGAATACGTTAGCATGGAATAATGAGATAGGATTTCGGTACTATTTTGTTGGTTTGTGTACGGAAATAATGATTAACAGGAACAGTGTTGTGGGTATTCGTATTTCGTTGTCAGAGGTGAAATTCTTGGATTTACGAAAGACGAACGACTGCGAAAGCATTTACCAAGGATGTTTT","AGCTCCAATAGCGTATATTAAAGTTGTTGCGGTTAAAAAGCTCGTAGTTGGATTTCTGCTGAGGACGACCGGTCCGCCCTCTGGGTGAGTATCTGGCTCGGCCTTGGCATCTTCTTGGGGAACGTAACTGCACTTGACTGTGTGGTGCGGTATCCAGGACTTTTACTTTGAGGAAATTAGAGTGTTTCAAGCAGGCGCACGCCTTGAATACATTAGCATGGAATAATAAGATAGGACCTTGGTTCTATTTTGTTGGTTTCTAGAGCTGAGGTAATGATTAATAGGGATAGTTGGGGGCATTCGTATTTAACTGTCAGAGGTGAAATTCTTGGATTTGTTAAAGACGGACTACTGCGAAAGCATTTGCCAAGGATGTTTT_AGCTCCAATAGCGTATATTAAAGTTGTTGCGGTTAAAAAGCTCGTAGTTGGATTTCTGCTGAGGACGACCGGTCCGCCCTCTGGGTGAGTATCTGGCTCGGCCTTGGCATCTTCTTGGGGAACGTAACTGCACTTGACTGTGTGGTGCGGTATCCAGGACTTTTACTTTGAGGAAATTAGAGTGTTTCAAGCAGGCGCACGCCTTGAATACATTAGCATGGAATAATAAGATAGGACCTTGGTTCTATTTTGTTGGTTTCTAGAGCTGAGGTAATGATTAATAGGGATAGTTGGGGGCATTCGTATTTAACTGTCAGAGGTGAAATTCTTGGATTTGTTAAAGACGGACTACTGCGAAAGCATTTGCCAAGGATGTTTT_AGCTCCAATAGCGTATATTAAAGTTGTTGCGGTTAAAAAGCTCGTAGTTGGATTTCTGCTGAGGACGACCGGTCCGCCCTCTGGGTGAGTATCTGGCTCGGCCTTGGCATCTTCTTGGGGAACGTAACTGCACTTGACTGTGTGGTGCGGTATCCAGGACTTTTACTTTGAGGAAATTAGAGTGTTTCAAGCAGGCGCACGCCTTGAATACATTAGCATGGAATAATAAGATAGGACCTTGGTTCTATTTTGTTGGTTTCTAGAGCTGAGGTAATGATTAATAGGGATAGTTGGGGGCATTCGTATTTAACTGTCAGAGGTGAAATTCTTGGATTTGTTAAAGACGGACTACTGCGAAAGCATTTGCCAAGGATGTTTT"
"Cerataulina_pelagica;","Dinophyceae","AGCTCCAATAGCGTATATTAAAGTTGTTGCAGTTAAAAAGCTCGTAGTTGAATTTCTGGTGGGAGTGTACAGTCCGACACTGAGTGTTGGTTCTTGTGTGTCTCCGGCCATCCTTGGAGTGAATCTGTCTGGCATTCAGTTGTTGGGCAGAGTATCTCCATCGTTTACTGTGAGGAAATGAAAGTGTTCAAAGCAGGCTTACGCCGTTGAATCTTTTAGCATGGAATAATAAGATAGGATCTTGATACTATTTTGTTGGTTTGCGTGTTAAGATAATGATGAATAGGGACAGTTGGGGGTATTTGTATTCCATAGTCAGAGGTGAAATTCTTGGATTTATGGAAGACAAACTAATGCGAAAGCATCTACCAAGGATGTTTT_AGCTCCAATAGCGTATATTAAAGTTGTTGCAGTTAAAAAGCTCGTAGTTGAATTTCTGGTGGGAGTGTACAGTCCGACACTGAGTGTTGGTTCTTGTGTGTCTCCGGCCATCCTTGGAGTGAATCTGTCTGGCATTCAGTTGTTGGGCAGAGTATCTCCATCGTTTACTGTGAGGAAATGAAAGTGTTCAAAGCAGGCTTACGCCGTTGAATCTTTTAGCATGGAATAATAAGATAGGATCTTGATACTATTTTGTTGGTTTGCGTGTTAAGATAATGATGAATAGGGACAGTTGGGGGTATTTGTATTCCATAGTCAGAGGTGAAATTCTTGGATTTATGGAAGACAAACTAATGCGAAAGCATCTACCAAGGATGTTTT_AGCTCCAATAGCGTATATTAAAGTTGTTGCAGTTAAAAAGCTCGTAGTTGAATTTCTGGTGGGAGTGTACAGTCCGACACTGAGTGTTGGTTCTTGTGTGTCTCCGGCCATCCTTGGAGTGAATCTGTCTGGCATTCAGTTGTTGGGCAGAGTATCTCCATCGTTTACTGTGAGGAAATGAAAGTGTTCAAAGCAGGCTTACGCCGTTGAATCTTTTAGCATGGAATAATAAGATAGGATCTTGATACTATTTTGTTGGTTTGCGTGTTAAGATAATGATGAATAGGGACAGTTGGGGGTATTTGTATTCCATAGTCAGAGGTGAAATTCTTGGATTTATGGAAGACAAACTAATGCGAAAGCATCTACCAAGGATGTTTT","AGCTCCAATAGCGTATATTAAAGTTGTTGCGGTTAAAAAGCTCGTAGTTGGATTTCTGCTGAGGACGACCGGTCCGCCCTTCGGGTGAGTATCTGGTTTGGCCTTGGCATCTTCTTGGTGAACGTATCTGCACTTGACTGTGTGGTGCGGTACCCAGGACTTTTACTTTGAGGAAATTAGAGTGTTTCAAGCAGGCATACGCCTTGAATACATTAGCATGGAATAATAAGATAGGACCTCGGTTCTATTTTGTTGGTTTCTAGAGCTGAGGTAATGATTAATAGGGATAGTTGGGGGCATTCGTATTTAACTGTCAGAGGTGAAATTCTTGGATTTGTTAAAGACGGACTACTGCGAAAGCATTTGCCAAGGATGTTTT_AGCTCCAATAGCGTATATTAAAGTTGTTGCGGTTAAAAAGCTCGTAGTTGGATTTCTGCTGAGGACGACCGGTCCGCCCTTCGGGTGAGTATCTGGTTTGGCCTTGGCATCTTCTTGGTGAACGTATCTGCACTTGACTGTGTGGTGCGGTACCCAGGACTTTTACTTTGAGGAAATTAGAGTGTTTCAAGCAGGCATACGCCTTGAATACATTAGCATGGAATAATAAGATAGGACCTCGGTTCTATTTTGTTGGTTTCTAGAGCTGAGGTAATGATTAATAGGGATAGTTGGGGGCATTCGTATTTAACTGTCAGAGGTGAAATTCTTGGATTTGTTAAAGACGGACTACTGCGAAAGCATTTGCCAAGGATGTTTT_AGCTCCAATAGCGTATATTAAAGTTGTTGCGGTTAAAAAGCTCGTAGTTGGATTTCTGCTGAGGACGACCGGTCCGCCCTTCGGGTGAGTATCTGGTTTGGCCTTGGCATCTTCTTGGTGAACGTATCTGCACTTGACTGTGTGGTGCGGTACCCAGGACTTTTACTTTGAGGAAATTAGAGTGTTTCAAGCAGGCATACGCCTTGAATACATTAGCATGGAATAATAAGATAGGACCTCGGTTCTATTTTGTTGGTTTCTAGAGCTGAGGTAATGATTAATAGGGATAGTTGGGGGCATTCGTATTTAACTGTCAGAGGTGAAATTCTTGGATTTGTTAAAGACGGACTACTGCGAAAGCATTTGCCAAGGATGTTTT"
"Eucampia","Proterythropsis_sp.;","AGCTCCAATAGCGTATATTAAAGTTGTTGCAGTTAAAAAGCTCGTAGTTGAATTTCTGGTGGGAGTGTACAGTCCGACACTGAGTGTTGGTTCTTGTGTGTCTCCGGCCATCCTTGGAGTGAATCTATCTGGCATTCAGTTGTTGGGTAGAGTATCTCCATCGTTTACTGTGAGGAAAGGAAAGTGTTCAAAGCAGGCTTACGCCGTTGAATCTTTTAGCATGGAATAATAAGATAGGATCTTGATACTATTTTGTTGGTTTGCGTGTCGAGATAATGATCAATAGGGACAGTTGGGGGTATTTGTATTCCATAGTCAGAGGTGAAATTCTTGGATTTATGGAAGACAAACTAATGCGAAAGCATCTACCAAGGATGTTTT_AGCTCCAATAGCGTATATTAAAGTTGTTGCAGTTAAAAAGCTCGTAGTTGAATTTCTGGTGGGAGTGTACAGTCCGACACTGAGTGTTGGTTCTTGTGTGTCTCCGGCCATCCTTGGAGTGAATCTATCTGGCATTCAGTTGTTGGGTAGAGTATCTCCATCGTTTACTGTGAGGAAAGGAAAGTGTTCAAAGCAGGCTTACGCCGTTGAATCTTTTAGCATGGAATAATAAGATAGGATCTTGATACTATTTTGTTGGTTTGCGTGTCGAGATAATGATCAATAGGGACAGTTGGGGGTATTTGTATTCCATAGTCAGAGGTGAAATTCTTGGATTTATGGAAGACAAACTAATGCGAAAGCATCTACCAAGGATGTTTT_AGCTCCAATAGCGTATATTAAAGTTGTTGCAGTTAAAAAGCTCGTAGTTGAATTTCTGGTGGGAGTGTACAGTCCGACACTGAGTGTTGGTTCTTGTGTGTCTCCGGCCATCCTTGGAGTGAATCTATCTGGCATTCAGTTGTTGGGTAGAGTATCTCCATCGTTTACTGTGAGGAAAGGAAAGTGTTCAAAGCAGGCTTACGCCGTTGAATCTTTTAGCATGGAATAATAAGATAGGATCTTGATACTATTTTGTTGGTTTGCGTGTCGAGATAATGATCAATAGGGACAGTTGGGGGTATTTGTATTCCATAGTCAGAGGTGAAATTCTTGGATTTATGGAAGACAAACTAATGCGAAAGCATCTACCAAGGATGTTTT","NA_AGCTCCAATAGCGTATATTAAAGTTGTTGCGGTTAAAAAGCTCGTAGTTGGATTTCTGCTGAGGACGACCGGTCCGCCCTCTGGGTGAGTATCTGGTTCGGCCTTGGCATCTTCTTGGAGAATGTAACTGCACTTGACTGTGTGGTGCGGTATCCAAGACTTTTACTTTGAGGAAATTAGAGTGTTTCAAGCAGGCACACGCCTTGAATACATTAGCATGGAATAATGAGATAAGACCTTGGTTCTATTTTGTTGGTTTCTAGAACTGAGGTAATGATTAATAGGGATAGTTGGGGGCATTCGTATTTAACTGTCAGAGGTGAAATTCTTGGATTTGTTAAAGACGGACTACTGCGAAAGCATTTGCCAAGGATGTTTT_AGCTCCAATAGCGTATATTAAAGTTGTTGCGGTTAAAAAGCTCGTAGTTGGATTTCTGCTGAGGACGACCGGTCCGCCCTCTGGGTGAGTATCTGGTTCGGCCTTGGCATCTTCTTGGAGAATGTAACTGCACTTGACTGTGTGGTGCGGTATCCAAGACTTTTACTTTGAGGAAATTAGAGTGTTTCAAGCAGGCACACGCCTTGAATACATTAGCATGGAATAATGAGATAAGACCTTGGTTCTATTTTGTTGGTTTCTAGAACTGAGGTAATGATTAATAGGGATAGTTGGGGGCATTCGTATTTAACTGTCAGAGGTGAAATTCTTGGATTTGTTAAAGACGGACTACTGCGAAAGCATTTGCCAAGGATGTTTT"
"Thalassiosira","Gyrodinium_helveticum;","AGCTCCAATAGCGTATATTAAAGTTGTTGCAGTTAAAAAGCTCGTAGTTGGATTTCTGGCAGGAGTGACCGGTCACGCACTCTGTGCGTGAACTTGTGTTGTCTCTGGCCATCCTTGGGGAGATCCTGTTTGGCATTAAGTTGTCGGGCAGGGGATACCCATCGTTTACTGTGAAAAAATTAGAGTGTTTAAAGCAGGCTTATGCCGTTGAATATATTAGCATGGAATAATAAGATAGGACTTCGGAACTATTTTGTTGGTTTGCGTTACGAAGTAATGATTAATAGGGACAGTTGGGGGTATTCGTATTTCATTGTCAGAGGTGAAATTCTTGGATTTCTGAAAGACGAACTACTGCGAAAGCATTTACCAAGGATGTTTT_AGCTCCAATAGCGTATATTAAAGTTGTTGCAGTTAAAAAGCTCGTAGTTGGATTTCTGGCAGGAGTGACCGGTCACGCACTCTGTGCGTGAACTTGTGTTGTCTCTGGCCATCCTTGGGGAGATCCTGTTTGGCATTAAGTTGTCGGGCAGGGGATACCCATCGTTTACTGTGAAAAAATTAGAGTGTTTAAAGCAGGCTTATGCCGTTGAATATATTAGCATGGAATAATAAGATAGGACTTCGGAACTATTTTGTTGGTTTGCGTTACGAAGTAATGATTAATAGGGACAGTTGGGGGTATTCGTATTTCATTGTCAGAGGTGAAATTCTTGGATTTCTGAAAGACGAACTACTGCGAAAGCATTTACCAAGGATGTTTT_AGCTCCAATAGCGTATATTAAAGTTGTTGCAGTTAAAAAGCTCGTAGTTGGATTTCTGGCAGGAGTGACCGGTCACGCACTCTGTGCGTGAACTTGTGTTGTCTCTGGCCATCCTTGGGGAGATCCTGTTTGGCATTAAGTTGTCGGGCAGGGGATACCCATCGTTTACTGTGAAAAAATTAGAGTGTTTAAAGCAGGCTTATGCCGTTGAATATATTAGCATGGAATAATAAGATAGGACTTCGGAACTATTTTGTTGGTTTGCGTTACGAAGTAATGATTAATAGGGACAGTTGGGGGTATTCGTATTTCATTGTCAGAGGTGAAATTCTTGGATTTCTGAAAGACGAACTACTGCGAAAGCATTTACCAAGGATGTTTT","AGCTCCAATAGCGTATATTAAAGTTGTTGCGGTTAAAAAGCTCGTAGTTGGATTTCTGCTGAGGACGACCGGTCCGCCCTCCGGGTGAGCATCTGGTTCGGCCTTGGCATCTTCTTGGTGAACGTATCTGCACTTGACTGTGTGGTGCGGTACCCAGGACTTTTACTTTGAGGAAATTAGAGTGTTTCAAGCAGGCATACGCCTTGAATACATTAGCATGGAATAATAAGATAGGACCTCGGTTCTATTTTGTTGGTTTCTAGAGCTGAGGTAATGATTAATAGGGATAGTTGGGGGCATTCGTATTTAACTGTCAGAGGTGAAATTCTTGGATTTGTTAAAGACGGACTACTGCGAAAGCATTTGCCAAGGATGTTTT_AGCTCCAATAGCGTATATTAAAGTTGTTGCGGTTAAAAAGCTCGTAGTTGGATTTCTGCTGAGGACGACCGGTCCGCCCTCCGGGTGAGCATCTGGTTCGGCCTTGGCATCTTCTTGGTGAACGTATCTGCACTTGACTGTGTGGTGCGGTACCCAGGACTTTTACTTTGAGGAAATTAGAGTGTTTCAAGCAGGCATACGCCTTGAATACATTAGCATGGAATAATAAGATAGGACCTCGGTTCTATTTTGTTGGTTTCTAGAGCTGAGGTAATGATTAATAGGGATAGTTGGGGGCATTCGTATTTAACTGTCAGAGGTGAAATTCTTGGATTTGTTAAAGACGGACTACTGCGAAAGCATTTGCCAAGGATGTTTT_AGCTCCAATAGCGTATATTAAAGTTGTTGCGGTTAAAAAGCTCGTAGTTGGATTTCTGCTGAGGACGACCGGTCCGCCCTCCGGGTGAGCATCTGGTTCGGCCTTGGCATCTTCTTGGTGAACGTATCTGCACTTGACTGTGTGGTGCGGTACCCAGGACTTTTACTTTGAGGAAATTAGAGTGTTTCAAGCAGGCATACGCCTTGAATACATTAGCATGGAATAATAAGATAGGACCTCGGTTCTATTTTGTTGGTTTCTAGAGCTGAGGTAATGATTAATAGGGATAGTTGGGGGCATTCGTATTTAACTGTCAGAGGTGAAATTCTTGGATTTGTTAAAGACGGACTACTGCGAAAGCATTTGCCAAGGATGTTTT"
"Polar-centric-Mediophyceae","Woloszynskia","AGCTCCAATAGCGTATATTAAAGTTGTTGCAGTTAAAAAGCTCGTAGTTGGATTTCTGGCAGGAGCGACCGGTCACACACTCTGTGTGTGAACTTGTGTTGTCTCTGGCCATCCTTGGGGAGATCCTGTTTGGCATTAAGTTGTCGGGCAGGGGATACCCATCGTTTACTGTGAAAAAATTAGAGTGTTTAAAGCAGGCTTATGCCGTTGAATATATTAGCATGGAATAATAAGATAGGACTTCGGAACTATTTTGTTGGTTTGCGTTACGAAGTAATGATTAATAGGGACAGTTGGGGGTATTCGTATTTCGTTGTCAGAGGTGAAATTCTTGGATTTCCGAAAGACGAACTACTGCGAAAGCATTTACCAAGGATGTTTT_AGCTCCAATAGCGTATATTAAAGTTGTTGCAGTTAAAAAGCTCGTAGTTGGATTTCTGGCAGGAGCGACCGGTCACACACTCTGTGTGTGAACTTGTGTTGTCTCTGGCCATCCTTGGGGAGATCCTGTTTGGCATTAAGTTGTCGGGCAGGGGATACCCATCGTTTACTGTGAAAAAATTAGAGTGTTTAAAGCAGGCTTATGCCGTTGAATATATTAGCATGGAATAATAAGATAGGACTTCGGAACTATTTTGTTGGTTTGCGTTACGAAGTAATGATTAATAGGGACAGTTGGGGGTATTCGTATTTCGTTGTCAGAGGTGAAATTCTTGGATTTCCGAAAGACGAACTACTGCGAAAGCATTTACCAAGGATGTTTT_AGCTCCAATAGCGTATATTAAAGTTGTTGCAGTTAAAAAGCTCGTAGTTGGATTTCTGGCAGGAGCGACCGGTCACACACTCTGTGTGTGAACTTGTGTTGTCTCTGGCCATCCTTGGGGAGATCCTGTTTGGCATTAAGTTGTCGGGCAGGGGATACCCATCGTTTACTGTGAAAAAATTAGAGTGTTTAAAGCAGGCTTATGCCGTTGAATATATTAGCATGGAATAATAAGATAGGACTTCGGAACTATTTTGTTGGTTTGCGTTACGAAGTAATGATTAATAGGGACAGTTGGGGGTATTCGTATTTCGTTGTCAGAGGTGAAATTCTTGGATTTCCGAAAGACGAACTACTGCGAAAGCATTTACCAAGGATGTTTT","AGCTCCAATAGCGTATATTAAAGTTGTTGCGGTTAAAAAGCTCGTAGTTGGATTTCTGCCGAGGATGACCGGTCCGCCCTGTGGGTGTGCATCTGGCTCAGCCTTGGCATCTTCCTGAAGAACGTAGCTGCACTTGACTGTGTGGTGCGGTATTTAGGACATTTACTTTGAGGAAATTAGAGTGTTTCAAGCAAGCGTACGCTTTGAATACATTAGCATGGAATAATAAGATAGGACCTCGGTTCTATTTTGTTGGTTTCTAGAGCTGAGGTAATGATTGATAGGGATAGTTGGGGGCATTCGTATTTAACTGTCAGAGGTGAAATTCTTGGATTTGTTAAAGACGGACTACTGCGAAAGCATTTGCCAAGGATGTTTT_AGCTCCAATAGCGTATATTAAAGTTGTTGCGGTTAAAAAGCTCGTAGTTGGATTTCTGCCGAGGATGACCGGTCCGCCCTGTGGGTGTGCATCTGGCTCAGCCTTGGCATCTTCCTGAAGAACGTAGCTGCACTTGACTGTGTGGTGCGGTATTTAGGACATTTACTTTGAGGAAATTAGAGTGTTTCAAGCAAGCGTACGCTTTGAATACATTAGCATGGAATAATAAGATAGGACCTCGGTTCTATTTTGTTGGTTTCTAGAGCTGAGGTAATGATTGATAGGGATAGTTGGGGGCATTCGTATTTAACTGTCAGAGGTGAAATTCTTGGATTTGTTAAAGACGGACTACTGCGAAAGCATTTGCCAAGGATGTTTT_AGCTCCAATAGCGTATATTAAAGTTGTTGCGGTTAAAAAGCTCGTAGTTGGATTTCTGCCGAGGATGACCGGTCCGCCCTGTGGGTGTGCATCTGGCTCAGCCTTGGCATCTTCCTGAAGAACGTAGCTGCACTTGACTGTGTGGTGCGGTATTTAGGACATTTACTTTGAGGAAATTAGAGTGTTTCAAGCAAGCGTACGCTTTGAATACATTAGCATGGAATAATAAGATAGGACCTCGGTTCTATTTTGTTGGTTTCTAGAGCTGAGGTAATGATTGATAGGGATAGTTGGGGGCATTCGTATTTAACTGTCAGAGGTGAAATTCTTGGATTTGTTAAAGACGGACTACTGCGAAAGCATTTGCCAAGGATGTTTT"
"Chaetoceros_muellerii;","Tripos_furca;","AGCTCCAATAGCGTATATTTTAGTTGTTGCAGTTAAAAAGCTCGTAGTTGAATTTCTGGTGAGCGAGAGCGGTCCGATCAATGATTGGTGCTTGCTTTCGCTGGCCATCCTTGGGTTTAGCCAGTCTGGCATTAAGTTGTCGGGCTGGGGATGCCCATCGTTTACTGTGAAAAAATTAGAGTGTTCAAAGCAGACTTATGTCGTTGAATATATTAGCATGGAATAATAAGATAGGACTACAGTGCTATTTTGTTGGTTTGCGCACCGTGGTAATGATGAATAGGGACAGTTGTGGGTATTCGTATTCACTTGTAAGAGGTGAAATTCTTAGATTAAGGGAAGACGAACTACTGCGAAAGCATTTACCAAGGATGTTTT_AGCTCCAATAGCGTATATTTTAGTTGTTGCAGTTAAAAAGCTCGTAGTTGAATTTCTGGTGAGCGAGAGCGGTCCGATCAATGATTGGTGCTTGCTTTCGCTGGCCATCCTTGGGTTTAGCCAGTCTGGCATTAAGTTGTCGGGCTGGGGATGCCCATCGTTTACTGTGAAAAAATTAGAGTGTTCAAAGCAGACTTATGTCGTTGAATATATTAGCATGGAATAATAAGATAGGACTACAGTGCTATTTTGTTGGTTTGCGCACCGTGGTAATGATGAATAGGGACAGTTGTGGGTATTCGTATTCACTTGTAAGAGGTGAAATTCTTAGATTAAGGGAAGACGAACTACTGCGAAAGCATTTACCAAGGATGTTTT_AGCTCCAATAGCGTATATTTTAGTTGTTGCAGTTAAAAAGCTCGTAGTTGAATTTCTGGTGAGCGAGAGCGGTCCGATCAATGATTGGTGCTTGCTTTCGCTGGCCATCCTTGGGTTTAGCCAGTCTGGCATTAAGTTGTCGGGCTGGGGATGCCCATCGTTTACTGTGAAAAAATTAGAGTGTTCAAAGCAGACTTATGTCGTTGAATATATTAGCATGGAATAATAAGATAGGACTACAGTGCTATTTTGTTGGTTTGCGCACCGTGGTAATGATGAATAGGGACAGTTGTGGGTATTCGTATTCACTTGTAAGAGGTGAAATTCTTAGATTAAGGGAAGACGAACTACTGCGAAAGCATTTACCAAGGATGTTTT","AGCTCCAATAGCGTATATTAAAGTTGTTGCGGTTAAAAAGCTCGTAGTTGGATTTCTGCTGAAGCAAACCGGTCCGCCCTCTGGGTGAGCATCTGGTTTTGTTTTGGCATATGCTTAGACTTTGCAGCTGCACTTGACTGTGTGGTGTGAAGGCTGAGCCATTTACTTTGAGGAAATCAGAGTGTTTCAAGCAGGCCATTGCCTTGAATACACTAGCATGGAATAATATGATATGACTGTGGTTTTATTTTGTTGGCTTTTAGAATTAGAGTAATGGTTAATAGGGATAGTTGGGGGCATTCATATTTAACTGTCAGAGGTGAAATTCTTGGATTTGTTAAGGATGAACGACTGCGAAAGCATTTGCCAAGGATGCTTT_AGCTCCAATAGCGTATATTAAAGTTGTTGCGGTTAAAAAGCTCGTAGTTGGATTTCTGCTGAAGCAAACCGGTCCGCCCTCTGGGTGAGCATCTGGTTTTGTTTTGGCATATGCTTAGACTTTGCAGCTGCACTTGACTGTGTGGTGTGAAGGCTGAGCCATTTACTTTGAGGAAATCAGAGTGTTTCAAGCAGGCCATTGCCTTGAATACACTAGCATGGAATAATATGATATGACTGTGGTTTTATTTTGTTGGCTTTTAGAATTAGAGTAATGGTTAATAGGGATAGTTGGGGGCATTCATATTTAACTGTCAGAGGTGAAATTCTTGGATTTGTTAAGGATGAACGACTGCGAAAGCATTTGCCAAGGATGCTTT_AGCTCCAATAGCGTATATTAAAGTTGTTGCGGTTAAAAAGCTCGTAGTTGGATTTCTGCTGAAGCAAACCGGTCCGCCCTCTGGGTGAGCATCTGGTTTTGTTTTGGCATATGCTTAGACTTTGCAGCTGCACTTGACTGTGTGGTGTGAAGGCTGAGCCATTTACTTTGAGGAAATCAGAGTGTTTCAAGCAGGCCATTGCCTTGAATACACTAGCATGGAATAATATGATATGACTGTGGTTTTATTTTGTTGGCTTTTAGAATTAGAGTAATGGTTAATAGGGATAGTTGGGGGCATTCATATTTAACTGTCAGAGGTGAAATTCTTGGATTTGTTAAGGATGAACGACTGCGAAAGCATTTGCCAAGGATGCTTT"
"Guinardia_delicatula;","Heterocapsa_triquetra;","AGCTCCAATAGCGTATATTAAAGTTGTTGCAGTTAAAAAGCTCGTAGTTGGATTTCTGGTGGGAGTGATCGGTCCTTCACTTAGTGTTGGAACCTGATTGTCTCCTGCCATCCATGGAGAGAACTTATCTGGCATTAAGTTGTCGGGTAGGCAATCTCCATCCTTTACTGTGAAAAAATTAGAGTGTTCAAAGCAGGCTTATGCCGTTGAATACATTAGCATGGAATAATAAGATAGGACTATGGTACTATTTTGTTGGTTTGTGCACCATAGTAATGATTAATAGGGACAGTTGGGGGTATTCGTATTCCATTGTCAGAGGTGAAATTCTTGGATTTATGGAAGACGAACTACTGCGAAAGCATTTACCAAGGATGTTTT_AGCTCCAATAGCGTATATTAAAGTTGTTGCAGTTAAAAAGCTCGTAGTTGGATTTCTGGTGGGAGTGATCGGTCCTTCACTTAGTGTTGGAACCTGATTGTCTCCTGCCATCCATGGAGAGAACTTATCTGGCATTAAGTTGTCGGGTAGGCAATCTCCATCCTTTACTGTGAAAAAATTAGAGTGTTCAAAGCAGGCTTATGCCGTTGAATACATTAGCATGGAATAATAAGATAGGACTATGGTACTATTTTGTTGGTTTGTGCACCATAGTAATGATTAATAGGGACAGTTGGGGGTATTCGTATTCCATTGTCAGAGGTGAAATTCTTGGATTTATGGAAGACGAACTACTGCGAAAGCATTTACCAAGGATGTTTT_AGCTCCAATAGCGTATATTAAAGTTGTTGCAGTTAAAAAGCTCGTAGTTGGATTTCTGGTGGGAGTGATCGGTCCTTCACTTAGTGTTGGAACCTGATTGTCTCCTGCCATCCATGGAGAGAACTTATCTGGCATTAAGTTGTCGGGTAGGCAATCTCCATCCTTTACTGTGAAAAAATTAGAGTGTTCAAAGCAGGCTTATGCCGTTGAATACATTAGCATGGAATAATAAGATAGGACTATGGTACTATTTTGTTGGTTTGTGCACCATAGTAATGATTAATAGGGACAGTTGGGGGTATTCGTATTCCATTGTCAGAGGTGAAATTCTTGGATTTATGGAAGACGAACTACTGCGAAAGCATTTACCAAGGATGTTTT","AGCTCCAATAGCGTATATTAAAGTTGTTGCGGTTAAAAAGCTCGTAGTTGGATTTCTGCCGAGGACGACCGGTCCGCCCTCTGGGTGAGTATCTGGCTCGGCCTGGGCATCTTCTTGGAGAACGTAACTGCACTTGGCTGTGTGGTGCGGTATTCAGGACTTTTACTTTGAGGAAATTAGAGTGTTTCAAGCAGGCACACGCCTTGAATACATTAGCATGGAATAATAAGATAGGACCTCGGTTCTATTTTGTTGGTTTCTAGATCTGAGGTAATGGTTAATAGGGATAGTTGGGGGCATTCGTATTTAACTGTCAGAGGTGAAATTCTTGGATTTGTTAAAGACGGACTACTGCGAAAGCATTTGCCAAGGATGTTTT_AGCTCCAATAGCGTATATTAAAGTTGTTGCGGTTAAAAAGCTCGTAGTTGGATTTCTGCCGAGGACGACCGGTCCGCCCTCTGGGTGAGTATCTGGCTCGGCCTGGGCATCTTCTTGGAGAACGTAACTGCACTTGGCTGTGTGGTGCGGTATTCAGGACTTTTACTTTGAGGAAATTAGAGTGTTTCAAGCAGGCACACGCCTTGAATACATTAGCATGGAATAATAAGATAGGACCTCGGTTCTATTTTGTTGGTTTCTAGATCTGAGGTAATGGTTAATAGGGATAGTTGGGGGCATTCGTATTTAACTGTCAGAGGTGAAATTCTTGGATTTGTTAAAGACGGACTACTGCGAAAGCATTTGCCAAGGATGTTTT_AGCTCCAATAGCGTATATTAAAGTTGTTGCGGTTAAAAAGCTCGTAGTTGGATTTCTGCCGAGGACGACCGGTCCGCCCTCTGGGTGAGTATCTGGCTCGGCCTGGGCATCTTCTTGGAGAACGTAACTGCACTTGGCTGTGTGGTGCGGTATTCAGGACTTTTACTTTGAGGAAATTAGAGTGTTTCAAGCAGGCACACGCCTTGAATACATTAGCATGGAATAATAAGATAGGACCTCGGTTCTATTTTGTTGGTTTCTAGATCTGAGGTAATGGTTAATAGGGATAGTTGGGGGCATTCGTATTTAACTGTCAGAGGTGAAATTCTTGGATTTGTTAAAGACGGACTACTGCGAAAGCATTTGCCAAGGATGTTTT"
"Chaetoceros_cinctus;","Gyrodinium","AGCTTCAGTAGCGTATATTAAAGTTGTTGCAGTTAAAAAGCTCGTAGTCGCATTTCTGGAACGGAAAGTCAATCCAGCCTTAGGTTGGTATTCGACTCTTCCGTTCCATCTTTGAGTGGTCCATTCTGGCATTAAGTTGTCGGAGTGTCAGCCGCTCATCGTTTACTGTGAGAAAATTAGAGTGTTCAAAGCAGGCTTAGGCCGTTGAATGTATTAGCATGGAATAATGAGATAAGACTTCGGTACTATTTTGTTGGTTTGCGCACCAAAGTAATGATGAACATGGACAGTTGGGGGTATTTGTATTTTCTTGTCAGAGGTGAAATTCTTAGATTTTGGAAAGACAAACAATTGCGAAAGCATTTACCAAGGATGTTTT_AGCTTCAGTAGCGTATATTAAAGTTGTTGCAGTTAAAAAGCTCGTAGTCGCATTTCTGGAACGGAAAGTCAATCCAGCCTTAGGTTGGTATTCGACTCTTCCGTTCCATCTTTGAGTGGTCCATTCTGGCATTAAGTTGTCGGAGTGTCAGCCGCTCATCGTTTACTGTGAGAAAATTAGAGTGTTCAAAGCAGGCTTAGGCCGTTGAATGTATTAGCATGGAATAATGAGATAAGACTTCGGTACTATTTTGTTGGTTTGCGCACCAAAGTAATGATGAACATGGACAGTTGGGGGTATTTGTATTTTCTTGTCAGAGGTGAAATTCTTAGATTTTGGAAAGACAAACAATTGCGAAAGCATTTACCAAGGATGTTTT_AGCTTCAGTAGCGTATATTAAAGTTGTTGCAGTTAAAAAGCTCGTAGTCGCATTTCTGGAACGGAAAGTCAATCCAGCCTTAGGTTGGTATTCGACTCTTCCGTTCCATCTTTGAGTGGTCCATTCTGGCATTAAGTTGTCGGAGTGTCAGCCGCTCATCGTTTACTGTGAGAAAATTAGAGTGTTCAAAGCAGGCTTAGGCCGTTGAATGTATTAGCATGGAATAATGAGATAAGACTTCGGTACTATTTTGTTGGTTTGCGCACCAAAGTAATGATGAACATGGACAGTTGGGGGTATTTGTATTTTCTTGTCAGAGGTGAAATTCTTAGATTTTGGAAAGACAAACAATTGCGAAAGCATTTACCAAGGATGTTTT","AGCTCCAATAGCGTATATTAAAGTTGTTGCGGTTAAAAAGCTCGTAGTTGGATTTCTGCTGAGGACGACCGGTCCGCCCTCTGGGTGAGTATCTGGCTTGGCCTTGGCATCTTCTTGGAGAACGTATCTGCACTTGACTGTGTGGTGCGGTATCCAGGACTTTTACTTTGAGGAAATTAGAGTGTTTCAAGCAGGCACACGCCTTGAATACATTAGCATGGAATAATAAGATAGGACCTTGGTTCTATTTTGTTGGTTTCTAGAGCTGAGGTAATGATTAATAGGGATAGTTGGGGGCATTCGTATTTAACTGTCAGAGGTGAAATTCTTGGATTTGTTAAAGACGGACTACTGCGAAAGCATTTGCCAAGGATGTTTT_AGCTCCAATAGCGTATATTAAAGTTGTTGCGGTTAAAAAGCTCGTAGTTGGATTTCTGCTGAGGACGACCGGTCCGCCCTCTGGGTGAGTATCTGGCTTGGCCTTGGCATCTTCTTGGAGAACGTATCTGCACTTGACTGTGTGGTGCGGTATCCAGGACTTTTACTTTGAGGAAATTAGAGTGTTTCAAGCAGGCACACGCCTTGAATACATTAGCATGGAATAATAAGATAGGACCTTGGTTCTATTTTGTTGGTTTCTAGAGCTGAGGTAATGATTAATAGGGATAGTTGGGGGCATTCGTATTTAACTGTCAGAGGTGAAATTCTTGGATTTGTTAAAGACGGACTACTGCGAAAGCATTTGCCAAGGATGTTTT_AGCTCCAATAGCGTATATTAAAGTTGTTGCGGTTAAAAAGCTCGTAGTTGGATTTCTGCTGAGGACGACCGGTCCGCCCTCTGGGTGAGTATCTGGCTTGGCCTTGGCATCTTCTTGGAGAACGTATCTGCACTTGACTGTGTGGTGCGGTATCCAGGACTTTTACTTTGAGGAAATTAGAGTGTTTCAAGCAGGCACACGCCTTGAATACATTAGCATGGAATAATAAGATAGGACCTTGGTTCTATTTTGTTGGTTTCTAGAGCTGAGGTAATGATTAATAGGGATAGTTGGGGGCATTCGTATTTAACTGTCAGAGGTGAAATTCTTGGATTTGTTAAAGACGGACTACTGCGAAAGCATTTGCCAAGGATGTTTT"
"Thalassiosira_rotula;","Dinophyceae","AGCTCCAATAGCGTATATTAAAGTTGTTGCAGTTAAAAAGCTCGTAGTTGGATTTCTGGCAGGAGTGACCGGTCACGCACTCTGTGCGTGAACTTGTGTTGTCTCTGGCCATCCTTGGGGAGATCCTGTTTGGCATTAAGTTGTCGGGCAGGGGATACCCATCGTTTACTGTGAAAAAATTAGAGTGTTTAAAGCAGGCTTATGCCGTTGAATATATTAGCATGGAATAATAAGATAGGACTTCGGAACTATTTTGTTGGTTTGCGTTACGAAGTAATGATTAATAGGGACAGTTGGGGGTATTCGTATTTCGTTGTCAGAGGTGAAATTCTTGGATTTCCGAAAGACGAACTACTGCGAAAGCATTTACCAAGGATGTTTT_AGCTCCAATAGCGTATATTAAAGTTGTTGCAGTTAAAAAGCTCGTAGTTGGATTTCTGGCAGGAGTGACCGGTCACGCACTCTGTGCGTGAACTTGTGTTGTCTCTGGCCATCCTTGGGGAGATCCTGTTTGGCATTAAGTTGTCGGGCAGGGGATACCCATCGTTTACTGTGAAAAAATTAGAGTGTTTAAAGCAGGCTTATGCCGTTGAATATATTAGCATGGAATAATAAGATAGGACTTCGGAACTATTTTGTTGGTTTGCGTTACGAAGTAATGATTAATAGGGACAGTTGGGGGTATTCGTATTTCGTTGTCAGAGGTGAAATTCTTGGATTTCCGAAAGACGAACTACTGCGAAAGCATTTACCAAGGATGTTTT_AGCTCCAATAGCGTATATTAAAGTTGTTGCAGTTAAAAAGCTCGTAGTTGGATTTCTGGCAGGAGTGACCGGTCACGCACTCTGTGCGTGAACTTGTGTTGTCTCTGGCCATCCTTGGGGAGATCCTGTTTGGCATTAAGTTGTCGGGCAGGGGATACCCATCGTTTACTGTGAAAAAATTAGAGTGTTTAAAGCAGGCTTATGCCGTTGAATATATTAGCATGGAATAATAAGATAGGACTTCGGAACTATTTTGTTGGTTTGCGTTACGAAGTAATGATTAATAGGGACAGTTGGGGGTATTCGTATTTCGTTGTCAGAGGTGAAATTCTTGGATTTCCGAAAGACGAACTACTGCGAAAGCATTTACCAAGGATGTTTT","AGCTCCAATAGCGTATATTGAAGTTGTTGCGGTTAAAAAGCTCGTCGTTGGATTTCTGTTGAGGTCGAACAGTGCCGCCCTATGGGTGCGCAACTGGCTCGGCTTCGGCATCTTCTTGGAGAGCGCATCTGCACTTAACTGTGTGGATCGTACTTCAAGTCAGTTACTTTGAGGAATTGTGAGTGTTTCAAGCAGGCTTACGCCGTTGAATCCGTTAGCATGGAATAATAGAATAGGACCTCGGTTCTATTTTGTTGGTTTTGAGAGCTGGGGCAGCGATTGATAGGGACGGATGGGGGCGTCCGAACTTTACTGTCAGAGGTGAAATTCTTAGATCGGTCAAAGGCGAACTACTGCGAACGCATTCGCCAAGAATGTTTT_AGCTCCAATAGCGTATATTGAAGTTGTTGCGGTTAAAAAGCTCGTCGTTGGATTTCTGTTGAGGTCGAACAGTGCCGCCCTATGGGTGCGCAACTGGCTCGGCTTCGGCATCTTCTTGGAGAGCGCATCTGCACTTAACTGTGTGGATCGTACTTCAAGTCAGTTACTTTGAGGAATTGTGAGTGTTTCAAGCAGGCTTACGCCGTTGAATCCGTTAGCATGGAATAATAGAATAGGACCTCGGTTCTATTTTGTTGGTTTTGAGAGCTGGGGCAGCGATTGATAGGGACGGATGGGGGCGTCCGAACTTTACTGTCAGAGGTGAAATTCTTAGATCGGTCAAAGGCGAACTACTGCGAACGCATTCGCCAAGAATGTTTT_AGCTCCAATAGCGTATATTGAAGTTGTTGCGGTTAAAAAGCTCGTCGTTGGATTTCTGTTGAGGTCGAACAGTGCCGCCCTATGGGTGCGCAACTGGCTCGGCTTCGGCATCTTCTTGGAGAGCGCATCTGCACTTAACTGTGTGGATCGTACTTCAAGTCAGTTACTTTGAGGAATTGTGAGTGTTTCAAGCAGGCTTACGCCGTTGAATCCGTTAGCATGGAATAATAGAATAGGACCTCGGTTCTATTTTGTTGGTTTTGAGAGCTGGGGCAGCGATTGATAGGGACGGATGGGGGCGTCCGAACTTTACTGTCAGAGGTGAAATTCTTAGATCGGTCAAAGGCGAACTACTGCGAACGCATTCGCCAAGAATGTTTT"
"Chaetoceros_costatus;","Torodinium","AGCTCCAATAGCGTATATTAAAGTTGTTGCAGTTAAAAAGCTCGTAGTTGGATTTCTGGTGTGAGGGAACGGTCCGACCTCTGGTGGGTACTTGCTTCCTCTCACGCCATCCTTGAGTGGTGCGTTCTGGCATTCAGTTGTCGGGACGTTAGCCGCTCATCGTTTACTGTGAGAAAATTAGAGTGTTCAAAGCAGGCTTATGCCGTTGAATATATTAGCATGGAATAATAAGATAGGACTTCGGTACTATTTTGTTGGTTTGCGCACCGATGTAATGATCAATAGGGACAGTTGGGGGTATTCGTATTCAGTTGTCAGAGGTGAAATTCTTAGATTTACGGAAGACGAACTACTGCGAAAGCATTTACCAAGGATGTTTT_AGCTCCAATAGCGTATATTAAAGTTGTTGCAGTTAAAAAGCTCGTAGTTGGATTTCTGGTGTGAGGGAACGGTCCGACCTCTGGTGGGTACTTGCTTCCTCTCACGCCATCCTTGAGTGGTGCGTTCTGGCATTCAGTTGTCGGGACGTTAGCCGCTCATCGTTTACTGTGAGAAAATTAGAGTGTTCAAAGCAGGCTTATGCCGTTGAATATATTAGCATGGAATAATAAGATAGGACTTCGGTACTATTTTGTTGGTTTGCGCACCGATGTAATGATCAATAGGGACAGTTGGGGGTATTCGTATTCAGTTGTCAGAGGTGAAATTCTTAGATTTACGGAAGACGAACTACTGCGAAAGCATTTACCAAGGATGTTTT_AGCTCCAATAGCGTATATTAAAGTTGTTGCAGTTAAAAAGCTCGTAGTTGGATTTCTGGTGTGAGGGAACGGTCCGACCTCTGGTGGGTACTTGCTTCCTCTCACGCCATCCTTGAGTGGTGCGTTCTGGCATTCAGTTGTCGGGACGTTAGCCGCTCATCGTTTACTGTGAGAAAATTAGAGTGTTCAAAGCAGGCTTATGCCGTTGAATATATTAGCATGGAATAATAAGATAGGACTTCGGTACTATTTTGTTGGTTTGCGCACCGATGTAATGATCAATAGGGACAGTTGGGGGTATTCGTATTCAGTTGTCAGAGGTGAAATTCTTAGATTTACGGAAGACGAACTACTGCGAAAGCATTTACCAAGGATGTTTT","AGCTCCAATAGCGTATATTAAAGTTGTTGCGGTTAAAAAGCTCGTAGTTGGATTTCTGCCGAGGACGACCGGTCCGCCCTGCGGGTGAGTATCTGGGACGACCTGGGCATCTTCTTGGAGAACGTGTCTGCACTTGACTGTGTGGTGCGGTATCCAGGACTTTTACTTTGAGGAAATTAGAGTGTTTCAAGCAGGCCCACGCCTTGAATACATTAGCATGGAATAATAAGATAGGACCTCGGTTCTATTTTGTTGGTTTCTAGAGCTGAGGTAATGATTAATAGGGATAGTTGGGGGCATTCGTATTTAACTGTCAGAGGTGAAATTCTTGGATTTGTTAAAGACGGACTACTGCGAAAGCATTTGCCAAGGATGTTTT_AGCTCCAATAGCGTATATTAAAGTTGTTGCGGTTAAAAAGCTCGTAGTTGGATTTCTGCCGAGGACGACCGGTCCGCCCTGCGGGTGAGTATCTGGGACGACCTGGGCATCTTCTTGGAGAACGTGTCTGCACTTGACTGTGTGGTGCGGTATCCAGGACTTTTACTTTGAGGAAATTAGAGTGTTTCAAGCAGGCCCACGCCTTGAATACATTAGCATGGAATAATAAGATAGGACCTCGGTTCTATTTTGTTGGTTTCTAGAGCTGAGGTAATGATTAATAGGGATAGTTGGGGGCATTCGTATTTAACTGTCAGAGGTGAAATTCTTGGATTTGTTAAAGACGGACTACTGCGAAAGCATTTGCCAAGGATGTTTT_AGCTCCAATAGCGTATATTAAAGTTGTTGCGGTTAAAAAGCTCGTAGTTGGATTTCTGCCGAGGACGACCGGTCCGCCCTGCGGGTGAGTATCTGGGACGACCTGGGCATCTTCTTGGAGAACGTGTCTGCACTTGACTGTGTGGTGCGGTATCCAGGACTTTTACTTTGAGGAAATTAGAGTGTTTCAAGCAGGCCCACGCCTTGAATACATTAGCATGGAATAATAAGATAGGACCTCGGTTCTATTTTGTTGGTTTCTAGAGCTGAGGTAATGATTAATAGGGATAGTTGGGGGCATTCGTATTTAACTGTCAGAGGTGAAATTCTTGGATTTGTTAAAGACGGACTACTGCGAAAGCATTTGCCAAGGATGTTTT"
"Minidiscus_trioculatus;","Dinophyceae","AGCTCCAATAGCGTATATTAAAGTTGTTGCAGTTAAAAAGCTCGTAGTTGGATTTCTGGCAGGAGCGACCGGTCACACACTCTGTGTGTGAACTTGCGTTGTCTCTGGCCATCCTTGGGAAGATCCTGTTTGGCATTAAGTTGTCGGGCAGGGGATACCCATCGTTTACTGTGAAAAAATTAGAGTGTTTAAAGCAGGCTTATGCCGTTGAATATATTAGCATGGAATAATAAGATAGGACTTCGGAACTATTTTGTTGGTTTGCGTTACGAAGTAATGATTAATAGGGACAGTTGGGGGTATTCGTATTTCGTTGTCAGAGGTGAAATTCTTGGATTTCCGAAAGACGAACTACTGCGAAAGCATTTACCAAGGATGTTTT_AGCTCCAATAGCGTATATTAAAGTTGTTGCAGTTAAAAAGCTCGTAGTTGGATTTCTGGCAGGAGCGACCGGTCACACACTCTGTGTGTGAACTTGCGTTGTCTCTGGCCATCCTTGGGAAGATCCTGTTTGGCATTAAGTTGTCGGGCAGGGGATACCCATCGTTTACTGTGAAAAAATTAGAGTGTTTAAAGCAGGCTTATGCCGTTGAATATATTAGCATGGAATAATAAGATAGGACTTCGGAACTATTTTGTTGGTTTGCGTTACGAAGTAATGATTAATAGGGACAGTTGGGGGTATTCGTATTTCGTTGTCAGAGGTGAAATTCTTGGATTTCCGAAAGACGAACTACTGCGAAAGCATTTACCAAGGATGTTTT_AGCTCCAATAGCGTATATTAAAGTTGTTGCAGTTAAAAAGCTCGTAGTTGGATTTCTGGCAGGAGCGACCGGTCACACACTCTGTGTGTGAACTTGCGTTGTCTCTGGCCATCCTTGGGAAGATCCTGTTTGGCATTAAGTTGTCGGGCAGGGGATACCCATCGTTTACTGTGAAAAAATTAGAGTGTTTAAAGCAGGCTTATGCCGTTGAATATATTAGCATGGAATAATAAGATAGGACTTCGGAACTATTTTGTTGGTTTGCGTTACGAAGTAATGATTAATAGGGACAGTTGGGGGTATTCGTATTTCGTTGTCAGAGGTGAAATTCTTGGATTTCCGAAAGACGAACTACTGCGAAAGCATTTACCAAGGATGTTTT","AGCTCCAATAGCGTATATTAAAGTTGTTGCGGTTAAAAAGCTCGTAGTTGGATTTCTGCTGAGGATGACCGGTCCGCCCTCTGGGTGAGTATCTGGTTCAGCCTGGGCATCTTCTTGGAGAACGTAGCTGCACTTGATTGTGTGGTGCGGTATTCAAGACTTTTACTTTGAGGAAATTAGAGTGTTTCAAGCAGGCCCACGCCTTGAATACATTAGCATGGAATAATAAGATAGGACCTTGGTTCTATTTTGTTGGTTTCTAGAGCTGAGGTAATGATTAATAGGGATAGTTGGGGGCATTCGTATTTAACTGTCAGAGGTGAAATTCTTGGATTTGTTAAAGACGGACTACTGCGAAAGCATTTGCCAAGGATGTTTT_AGCTCCAATAGCGTATATTAAAGTTGTTGCGGTTAAAAAGCTCGTAGTTGGATTTCTGCTGAGGATGACCGGTCCGCCCTCTGGGTGAGTATCTGGTTCAGCCTGGGCATCTTCTTGGAGAACGTAGCTGCACTTGATTGTGTGGTGCGGTATTCAAGACTTTTACTTTGAGGAAATTAGAGTGTTTCAAGCAGGCCCACGCCTTGAATACATTAGCATGGAATAATAAGATAGGACCTTGGTTCTATTTTGTTGGTTTCTAGAGCTGAGGTAATGATTAATAGGGATAGTTGGGGGCATTCGTATTTAACTGTCAGAGGTGAAATTCTTGGATTTGTTAAAGACGGACTACTGCGAAAGCATTTGCCAAGGATGTTTT_AGCTCCAATAGCGTATATTAAAGTTGTTGCGGTTAAAAAGCTCGTAGTTGGATTTCTGCTGAGGATGACCGGTCCGCCCTCTGGGTGAGTATCTGGTTCAGCCTGGGCATCTTCTTGGAGAACGTAGCTGCACTTGATTGTGTGGTGCGGTATTCAAGACTTTTACTTTGAGGAAATTAGAGTGTTTCAAGCAGGCCCACGCCTTGAATACATTAGCATGGAATAATAAGATAGGACCTTGGTTCTATTTTGTTGGTTTCTAGAGCTGAGGTAATGATTAATAGGGATAGTTGGGGGCATTCGTATTTAACTGTCAGAGGTGAAATTCTTGGATTTGTTAAAGACGGACTACTGCGAAAGCATTTGCCAAGGATGTTTT"
"Chaetoceros_brevis_3;","Dinophyceae","AGCTCCAATAGCGTATATTAAAGTTGTTGCAGTTAAAAAGCTCGTAGTTGGATTTCTGTTGGAAGCGATCTGCCCGCTCTTAGAGTCGGTGCTTGCATCGTCTTCCGACATCCTTGGGTGGAGCCAGTCTGGCATTAAGTTGTCGGGCTGGGGATGCCCATCGTTTACTGTGAATTAATTAGAGTGTTCAAAGCAGGCTTATGCCGTTGAATATATTAGCATGGAATAATAAGATAGGACCTTGGTACTATTTTGTTGGTTTGCGCACCAAGGTAATGATCAATAGGGACAGTTGGGGGTATTCGTATTCAGTTGTCAGAGGTGAAATTCTTAGATTTATTGAAGACGAACTACTGCGAAAGCATTTACCAAGGATGTTTT_AGCTCCAATAGCGTATATTAAAGTTGTTGCAGTTAAAAAGCTCGTAGTTGGATTTCTGTTGGAAGCGATCTGCCCGCTCTTAGAGTCGGTGCTTGCATCGTCTTCCGACATCCTTGGGTGGAGCCAGTCTGGCATTAAGTTGTCGGGCTGGGGATGCCCATCGTTTACTGTGAATTAATTAGAGTGTTCAAAGCAGGCTTATGCCGTTGAATATATTAGCATGGAATAATAAGATAGGACCTTGGTACTATTTTGTTGGTTTGCGCACCAAGGTAATGATCAATAGGGACAGTTGGGGGTATTCGTATTCAGTTGTCAGAGGTGAAATTCTTAGATTTATTGAAGACGAACTACTGCGAAAGCATTTACCAAGGATGTTTT_AGCTCCAATAGCGTATATTAAAGTTGTTGCAGTTAAAAAGCTCGTAGTTGGATTTCTGTTGGAAGCGATCTGCCCGCTCTTAGAGTCGGTGCTTGCATCGTCTTCCGACATCCTTGGGTGGAGCCAGTCTGGCATTAAGTTGTCGGGCTGGGGATGCCCATCGTTTACTGTGAATTAATTAGAGTGTTCAAAGCAGGCTTATGCCGTTGAATATATTAGCATGGAATAATAAGATAGGACCTTGGTACTATTTTGTTGGTTTGCGCACCAAGGTAATGATCAATAGGGACAGTTGGGGGTATTCGTATTCAGTTGTCAGAGGTGAAATTCTTAGATTTATTGAAGACGAACTACTGCGAAAGCATTTACCAAGGATGTTTT","AGCTCCAATAGCGTATATTAAAGTTGTTGCGGTTAAAAAGCTCGTAGTTGGATTTCTGCCGAGGACGACCGGTCCGCCCTCTGGGTGAGTATCTGGCTCGGCCTGGGCATCTTCTTGGAGAACGTAGCTGCACTTGACTGTGTGGTGCGGTATCCAGGACTTTTACTTTGAGGAAATTAGAGTGTTTCAAGCAGGCATACGCCTTGAATACATTAGCATGGAATAATAAGATAGGACCTCGGTTCTATTTTGTTGGTTTCTAGAGCTGAGGTAATGATTAATAGGGATAGTTGGGGGCATTCGTATTTAACTGTCAGAGGTGAAATTCTTGGATTTGTTAAAGACGGACTACTGCGAAAGCATTTGCCAAGGATGTTTT_NA_AGCTCCAATAGCGTATATTAAAGTTGTTGCGGTTAAAAAGCTCGTAGTTGGATTTCTGCCGAGGACGACCGGTCCGCCCTCTGGGTGAGTATCTGGCTCGGCCTGGGCATCTTCTTGGAGAACGTAGCTGCACTTGACTGTGTGGTGCGGTATCCAGGACTTTTACTTTGAGGAAATTAGAGTGTTTCAAGCAGGCATACGCCTTGAATACATTAGCATGGAATAATAAGATAGGACCTCGGTTCTATTTTGTTGGTTTCTAGAGCTGAGGTAATGATTAATAGGGATAGTTGGGGGCATTCGTATTTAACTGTCAGAGGTGAAATTCTTGGATTTGTTAAAGACGGACTACTGCGAAAGCATTTGCCAAGGATGTTTT"
"Chaetoceros_protuberans;","Heterocapsa","AGCTCCAATAGCGTATATTAAAGTTGTTGCAGTTAAAAAGCTCGTAGTTGGATTTCTGGTAGGAGGGACCGGTCAGATCATTGATCTGTACTTGTGTCCTCTCCCGCCATCTTTGGGTGGATCCTTTCTGGCATTAAGTTGTCGGGAAGGGGATGCCCATCTTTTACTGTGAAAAAATTAGAGTGTTCAAAGCAGACTTACGTCATTGAATATATTAGCATGGAATAATAAGATAGGGCTTCAGTACTATTTTGTTGGTTTGCGTACCGAGGTAATGATTAACAGGGACAGTTGGGGGTATTCGTATTCAGTATTCAGTGGTGAAATACTTAGATCTACGGAAGACGAACTACTGCGAAAGCATTTACCAAGGATGTTTT_AGCTCCAATAGCGTATATTAAAGTTGTTGCAGTTAAAAAGCTCGTAGTTGGATTTCTGGTAGGAGGGACCGGTCAGATCATTGATCTGTACTTGTGTCCTCTCCCGCCATCTTTGGGTGGATCCTTTCTGGCATTAAGTTGTCGGGAAGGGGATGCCCATCTTTTACTGTGAAAAAATTAGAGTGTTCAAAGCAGACTTACGTCATTGAATATATTAGCATGGAATAATAAGATAGGGCTTCAGTACTATTTTGTTGGTTTGCGTACCGAGGTAATGATTAACAGGGACAGTTGGGGGTATTCGTATTCAGTATTCAGTGGTGAAATACTTAGATCTACGGAAGACGAACTACTGCGAAAGCATTTACCAAGGATGTTTT_AGCTCCAATAGCGTATATTAAAGTTGTTGCAGTTAAAAAGCTCGTAGTTGGATTTCTGGTAGGAGGGACCGGTCAGATCATTGATCTGTACTTGTGTCCTCTCCCGCCATCTTTGGGTGGATCCTTTCTGGCATTAAGTTGTCGGGAAGGGGATGCCCATCTTTTACTGTGAAAAAATTAGAGTGTTCAAAGCAGACTTACGTCATTGAATATATTAGCATGGAATAATAAGATAGGGCTTCAGTACTATTTTGTTGGTTTGCGTACCGAGGTAATGATTAACAGGGACAGTTGGGGGTATTCGTATTCAGTATTCAGTGGTGAAATACTTAGATCTACGGAAGACGAACTACTGCGAAAGCATTTACCAAGGATGTTTT","AGCTCCAATAGCGTATATTAAAGTTGTTGCGGTTAAAAAGCTCGTAGTTGGATTTCTGCCGAGGACGACCGGTCCGCCCTCTGGGTGAGCATCTGGCTCGGCCTGGGCATCTTCTTGGAGAACGTATCTGCACTTGACTGTGTGGTGCGGTATTCAGGACTTTTACTTTGAGGAAATTAGAGTGTTTCAAGCAGGCATACGCCTTGAATACATTAGCATGGAATAATAAGATAGGACCTCGGTTCTATTTTGTTGGTTTCTAGATCTGAGGTAATGATTAATAGGGATAGTTGGGGGCATTCGTATTTAACTGTCAGAGGTGAAATTCTTGGATTTGTTAAAGACGGACTACTGCGAAAGCATTTGCCAAGGATGTTTT_AGCTCCAATAGCGTATATTAAAGTTGTTGCGGTTAAAAAGCTCGTAGTTGGATTTCTGCCGAGGACGACCGGTCCGCCCTCTGGGTGAGCATCTGGCTCGGCCTGGGCATCTTCTTGGAGAACGTATCTGCACTTGACTGTGTGGTGCGGTATTCAGGACTTTTACTTTGAGGAAATTAGAGTGTTTCAAGCAGGCATACGCCTTGAATACATTAGCATGGAATAATAAGATAGGACCTCGGTTCTATTTTGTTGGTTTCTAGATCTGAGGTAATGATTAATAGGGATAGTTGGGGGCATTCGTATTTAACTGTCAGAGGTGAAATTCTTGGATTTGTTAAAGACGGACTACTGCGAAAGCATTTGCCAAGGATGTTTT_AGCTCCAATAGCGTATATTAAAGTTGTTGCGGTTAAAAAGCTCGTAGTTGGATTTCTGCCGAGGACGACCGGTCCGCCCTCTGGGTGAGCATCTGGCTCGGCCTGGGCATCTTCTTGGAGAACGTATCTGCACTTGACTGTGTGGTGCGGTATTCAGGACTTTTACTTTGAGGAAATTAGAGTGTTTCAAGCAGGCATACGCCTTGAATACATTAGCATGGAATAATAAGATAGGACCTCGGTTCTATTTTGTTGGTTTCTAGATCTGAGGTAATGATTAATAGGGATAGTTGGGGGCATTCGTATTTAACTGTCAGAGGTGAAATTCTTGGATTTGTTAAAGACGGACTACTGCGAAAGCATTTGCCAAGGATGTTTT"
"Chaetoceros_debilis_1;","Dinophyceae","AGCTCCAATAGCGTATATTAAAGTTGCTGCAGTTAAAAAGCTCGTAGTTGGATTTCTAGCGAGGCACGAGAATATCCACCTATGGTGAATACTTCTCTCGCCTTGCTCTTCTTTAGTTGATGTCTCTGGCATTAAGTTGTCGGAGTCCTGAGACTAATCGTTTACTGTGAGAAAATTAGAGTGTTCAAAGCAGGCTTATGCCGTTGAATATATTAGCATGGAATAATAAGATAGGACTTCGGTACTATTTTGTTGGTTTGCGTACTGATGTAATGATAAATAGGGACTGGCGTGGGTATTCGTATTTTAATGTCAGAGGTGAAATTCTTAGATTATTGAAAGACGGACGACTGCGAAAGCATCTACCAAGTATGTTTT_AGCTCCAATAGCGTATATTAAAGTTGCTGCAGTTAAAAAGCTCGTAGTTGGATTTCTAGCGAGGCACGAGAATATCCACCTATGGTGAATACTTCTCTCGCCTTGCTCTTCTTTAGTTGATGTCTCTGGCATTAAGTTGTCGGAGTCCTGAGACTAATCGTTTACTGTGAGAAAATTAGAGTGTTCAAAGCAGGCTTATGCCGTTGAATATATTAGCATGGAATAATAAGATAGGACTTCGGTACTATTTTGTTGGTTTGCGTACTGATGTAATGATAAATAGGGACTGGCGTGGGTATTCGTATTTTAATGTCAGAGGTGAAATTCTTAGATTATTGAAAGACGGACGACTGCGAAAGCATCTACCAAGTATGTTTT_AGCTCCAATAGCGTATATTAAAGTTGCTGCAGTTAAAAAGCTCGTAGTTGGATTTCTAGCGAGGCACGAGAATATCCACCTATGGTGAATACTTCTCTCGCCTTGCTCTTCTTTAGTTGATGTCTCTGGCATTAAGTTGTCGGAGTCCTGAGACTAATCGTTTACTGTGAGAAAATTAGAGTGTTCAAAGCAGGCTTATGCCGTTGAATATATTAGCATGGAATAATAAGATAGGACTTCGGTACTATTTTGTTGGTTTGCGTACTGATGTAATGATAAATAGGGACTGGCGTGGGTATTCGTATTTTAATGTCAGAGGTGAAATTCTTAGATTATTGAAAGACGGACGACTGCGAAAGCATCTACCAAGTATGTTTT","AGCTCCAATAGCGTATATTAAAGTTGTTGCGGTTAAAAAGCTCGTAGTTGGATTTCTGCCGAGGACGACCGGTCCGCCCTCTGGGTGAGTATCTGGCTCGGCCTGGGCATCTTCTTGGAGAACGTAGCTGCACTTGACTGTGTGGTGCGGTATCCAGGACTTTTACTTTGAGGAAATCAGAGTGTTTCAAGCAGGCATACGCCTTGAATACATTAGCATGGAATAATAAGATAGGACCTCGGTTCTATTTTGTTGGTTTCTAGAGCTGAGGTAATGATTAATAGGGATAGTTGGGGGCATTCGTATTTAACTGTCAGAGGTGAAATTCTTGGATTTGTTAAAGACGGACTACTGCGAAAGCATTTGCCAAGGATGTTTT_AGCTCCAATAGCGTATATTAAAGTTGTTGCGGTTAAAAAGCTCGTAGTTGGATTTCTGCCGAGGACGACCGGTCCGCCCTCTGGGTGAGTATCTGGCTCGGCCTGGGCATCTTCTTGGAGAACGTAGCTGCACTTGACTGTGTGGTGCGGTATCCAGGACTTTTACTTTGAGGAAATCAGAGTGTTTCAAGCAGGCATACGCCTTGAATACATTAGCATGGAATAATAAGATAGGACCTCGGTTCTATTTTGTTGGTTTCTAGAGCTGAGGTAATGATTAATAGGGATAGTTGGGGGCATTCGTATTTAACTGTCAGAGGTGAAATTCTTGGATTTGTTAAAGACGGACTACTGCGAAAGCATTTGCCAAGGATGTTTT_AGCTCCAATAGCGTATATTAAAGTTGTTGCGGTTAAAAAGCTCGTAGTTGGATTTCTGCCGAGGACGACCGGTCCGCCCTCTGGGTGAGTATCTGGCTCGGCCTGGGCATCTTCTTGGAGAACGTAGCTGCACTTGACTGTGTGGTGCGGTATCCAGGACTTTTACTTTGAGGAAATCAGAGTGTTTCAAGCAGGCATACGCCTTGAATACATTAGCATGGAATAATAAGATAGGACCTCGGTTCTATTTTGTTGGTTTCTAGAGCTGAGGTAATGATTAATAGGGATAGTTGGGGGCATTCGTATTTAACTGTCAGAGGTGAAATTCTTGGATTTGTTAAAGACGGACTACTGCGAAAGCATTTGCCAAGGATGTTTT"
"Odontella","Heterocapsa_nei/rotundata;","AGCTCCAATAGCGTATATTAAAGTTGTTGCAGTTAAAAAGCTCGTAGTTGGATATCTGGTGGGAGCAATGGGTCTCGCGCTTAGCGCGGGTACTTCAATTGACTCCGGCCATCCTTGGGGAGAGCCCGTCTGGCATTAGGTTGTCGGGCGGGGGATCCCCATCGTTTACTGTGAAAAAATTAGAGTGTTCAAAGCAGGCTTATGCCGCTGAATATATTAGCATGGAATAATAAGATAGGACTTTGGTACTATTTTGTTGGTTTGTGTACCTAAGTAATGATTAATAGGAACAGTCGGGGGTATTCATATTCCGTTGTCAGAGGTGAAATTCTTGGATTTACGGAAGATGAACTACTGCGAAAGCATTTACCAAGGATGTTTT_AGCTCCAATAGCGTATATTAAAGTTGTTGCAGTTAAAAAGCTCGTAGTTGGATATCTGGTGGGAGCAATGGGTCTCGCGCTTAGCGCGGGTACTTCAATTGACTCCGGCCATCCTTGGGGAGAGCCCGTCTGGCATTAGGTTGTCGGGCGGGGGATCCCCATCGTTTACTGTGAAAAAATTAGAGTGTTCAAAGCAGGCTTATGCCGCTGAATATATTAGCATGGAATAATAAGATAGGACTTTGGTACTATTTTGTTGGTTTGTGTACCTAAGTAATGATTAATAGGAACAGTCGGGGGTATTCATATTCCGTTGTCAGAGGTGAAATTCTTGGATTTACGGAAGATGAACTACTGCGAAAGCATTTACCAAGGATGTTTT_AGCTCCAATAGCGTATATTAAAGTTGTTGCAGTTAAAAAGCTCGTAGTTGGATATCTGGTGGGAGCAATGGGTCTCGCGCTTAGCGCGGGTACTTCAATTGACTCCGGCCATCCTTGGGGAGAGCCCGTCTGGCATTAGGTTGTCGGGCGGGGGATCCCCATCGTTTACTGTGAAAAAATTAGAGTGTTCAAAGCAGGCTTATGCCGCTGAATATATTAGCATGGAATAATAAGATAGGACTTTGGTACTATTTTGTTGGTTTGTGTACCTAAGTAATGATTAATAGGAACAGTCGGGGGTATTCATATTCCGTTGTCAGAGGTGAAATTCTTGGATTTACGGAAGATGAACTACTGCGAAAGCATTTACCAAGGATGTTTT","AGCTCCAATAGCGTATATTAAAGTTGTTGCGGTTAAAAAGCTCGTAGTTGGATTTCTGCTGGAAACGATCGGTCCGCCCTCTGGGTGAGTATCTGGTTCGGTTTCGGCATCATCTTGGAGATCAGTTCTGCACTTGACTGTGTGGAGTGGTATCTAAGACCTTTACTTTGAGGAAATTAGAGTGTTTCAAGCAAGCATATGCCTTGAATACATTAGCATGGAATAATAAGATAGGACCTTGGTTCTATTTTGTTGGTTTCTAGAACTGAGGTAATGATTGATAGGGACAGTTGGGGGCATTCGTATTTAACTGTCAGAGGTGAAATTCTTGGATTTGTTAAAGACGAACTACTGCGAAAGCATTTGCCAAGGATGTTTT_AGCTCCAATAGCGTATATTAAAGTTGTTGCGGTTAAAAAGCTCGTAGTTGGATTTCTGCTGGAAACGATCGGTCCGCCCTCTGGGTGAGTATCTGGTTCGGTTTCGGCATCATCTTGGAGATCAGTTCTGCACTTGACTGTGTGGAGTGGTATCTAAGACCTTTACTTTGAGGAAATTAGAGTGTTTCAAGCAAGCATATGCCTTGAATACATTAGCATGGAATAATAAGATAGGACCTTGGTTCTATTTTGTTGGTTTCTAGAACTGAGGTAATGATTGATAGGGACAGTTGGGGGCATTCGTATTTAACTGTCAGAGGTGAAATTCTTGGATTTGTTAAAGACGAACTACTGCGAAAGCATTTGCCAAGGATGTTTT_AGCTCCAATAGCGTATATTAAAGTTGTTGCGGTTAAAAAGCTCGTAGTTGGATTTCTGCTGGAAACGATCGGTCCGCCCTCTGGGTGAGTATCTGGTTCGGTTTCGGCATCATCTTGGAGATCAGTTCTGCACTTGACTGTGTGGAGTGGTATCTAAGACCTTTACTTTGAGGAAATTAGAGTGTTTCAAGCAAGCATATGCCTTGAATACATTAGCATGGAATAATAAGATAGGACCTTGGTTCTATTTTGTTGGTTTCTAGAACTGAGGTAATGATTGATAGGGACAGTTGGGGGCATTCGTATTTAACTGTCAGAGGTGAAATTCTTGGATTTGTTAAAGACGAACTACTGCGAAAGCATTTGCCAAGGATGTTTT"
"Pseudo-nitzschia","Dinophyceae","AGCTCCAATAGCGTATATTAAAGTTGTTGCAGTTAAAAAGCTCGTAGTTGGATTTGTGGTGTGTCCAGTTGGCCTTTGCTCTTTGAGTGATTGCGCTTTACTGGTCTGCCATGTTTGGGTGGAATCTGTGTGGCATTAAGTTGTCGTGCAGGGGATGCCCATCGTTTACTGTGAAAAAATTAGAGTGTTCAAAGCAGGCTTATGCCGTTGAATATATTAGCATGGAATAATAATATAGGACCTTGGTACTATTTTGTTGGTTTGCGCACTAAGGTAATGATTAAGAGGGACAGTTGGGGGTATTTGTATTCCATTGTCAGAGGTGAAATTCTTGGATTTTTGGAAGACAAACTACTGCGAAAGCATTTACCAAGGATGTTTT_AGCTCCAATAGCGTATATTAAAGTTGTTGCAGTTAAAAAGCTCGTAGTTGGATTTGTGGTGTGTCCAGTTGGCCTTTGCTCTTTGAGTGATTGCGCTTTACTGGTCTGCCATGTTTGGGTGGAATCTGTGTGGCATTAAGTTGTCGTGCAGGGGATGCCCATCGTTTACTGTGAAAAAATTAGAGTGTTCAAAGCAGGCTTATGCCGTTGAATATATTAGCATGGAATAATAATATAGGACCTTGGTACTATTTTGTTGGTTTGCGCACTAAGGTAATGATTAAGAGGGACAGTTGGGGGTATTTGTATTCCATTGTCAGAGGTGAAATTCTTGGATTTTTGGAAGACAAACTACTGCGAAAGCATTTACCAAGGATGTTTT_AGCTCCAATAGCGTATATTAAAGTTGTTGCAGTTAAAAAGCTCGTAGTTGGATTTGTGGTGTGTCCAGTTGGCCTTTGCTCTTTGAGTGATTGCGCTTTACTGGTCTGCCATGTTTGGGTGGAATCTGTGTGGCATTAAGTTGTCGTGCAGGGGATGCCCATCGTTTACTGTGAAAAAATTAGAGTGTTCAAAGCAGGCTTATGCCGTTGAATATATTAGCATGGAATAATAATATAGGACCTTGGTACTATTTTGTTGGTTTGCGCACTAAGGTAATGATTAAGAGGGACAGTTGGGGGTATTTGTATTCCATTGTCAGAGGTGAAATTCTTGGATTTTTGGAAGACAAACTACTGCGAAAGCATTTACCAAGGATGTTTT","AGCTCCAATAGCGTATATTAAAGTTGTTGCGGTTAAAAAGCTCGTAGTTGGATTTCTGCTGAGGACGACCGGTCCGCCCTCTGGGTGAGTATCTGGCTCGGCCTGGGCATCTTCTTGGAGAACGTAGCTGCACTTGACTGTGTGGTGCGGTATCCAGGACTTTTACTTTGAGGAAATTAGAGTGTTTCAAGCAGGCACACGCCTTGAATACATTAGCATGGAATAATAAGATAGGACCTCGGTTCTATTTTGTTGGTTTCTAGAGCTGAGGTAATGATTAATAGGGATAGTTGGGGGCATTCGTATTTAACTGTCAGAGGTGAAATTCTTGGATTTGTTAAAGACGGACTACTGCGAAAGCATTTGCCAAGGATGTTTT_NA_AGCTCCAATAGCGTATATTAAAGTTGTTGCGGTTAAAAAGCTCGTAGTTGGATTTCTGCTGAGGACGACCGGTCCGCCCTCTGGGTGAGTATCTGGCTCGGCCTGGGCATCTTCTTGGAGAACGTAGCTGCACTTGACTGTGTGGTGCGGTATCCAGGACTTTTACTTTGAGGAAATTAGAGTGTTTCAAGCAGGCACACGCCTTGAATACATTAGCATGGAATAATAAGATAGGACCTCGGTTCTATTTTGTTGGTTTCTAGAGCTGAGGTAATGATTAATAGGGATAGTTGGGGGCATTCGTATTTAACTGTCAGAGGTGAAATTCTTGGATTTGTTAAAGACGGACTACTGCGAAAGCATTTGCCAAGGATGTTTT"
"Polar-centric-Mediophyceae_X_sp.;","Dinophyceae","AGCTCCAATAGCGTATATTAAAGTTGTTGCAGTTAAAAAGCTCGTAGTTGGATTTCTGGTGGGAGCGGTCGGTGCGGTCCTCAGGATTGCTACTCGTACCGTCTCTCGCCATCCTTGGGTCGATCCTGTCTGGCATTAAGTTGTCGGGCAGGGGATGCCCATCGTTTACTGTGAAAAAATTAGAGTGTTCAAAGCAGGCTTATGCCGTTGAATATATTAGCATGGAATAATAAGATAGGACTTTGGTACTATTTTGTTGGTTTGCGCACCAAAGTAATGATTAATAGGGACAGTTGGGGGTATTCGTATTCCGTTGTCAGAGGTGAAATTCTTGGATTTCCGGAAGACGAACTACTGCGAAAGCATTTACCAAGGATGTTTT_AGCTCCAATAGCGTATATTAAAGTTGTTGCAGTTAAAAAGCTCGTAGTTGGATTTCTGGTGGGAGCGGTCGGTGCGGTCCTCAGGATTGCTACTCGTACCGTCTCTCGCCATCCTTGGGTCGATCCTGTCTGGCATTAAGTTGTCGGGCAGGGGATGCCCATCGTTTACTGTGAAAAAATTAGAGTGTTCAAAGCAGGCTTATGCCGTTGAATATATTAGCATGGAATAATAAGATAGGACTTTGGTACTATTTTGTTGGTTTGCGCACCAAAGTAATGATTAATAGGGACAGTTGGGGGTATTCGTATTCCGTTGTCAGAGGTGAAATTCTTGGATTTCCGGAAGACGAACTACTGCGAAAGCATTTACCAAGGATGTTTT_AGCTCCAATAGCGTATATTAAAGTTGTTGCAGTTAAAAAGCTCGTAGTTGGATTTCTGGTGGGAGCGGTCGGTGCGGTCCTCAGGATTGCTACTCGTACCGTCTCTCGCCATCCTTGGGTCGATCCTGTCTGGCATTAAGTTGTCGGGCAGGGGATGCCCATCGTTTACTGTGAAAAAATTAGAGTGTTCAAAGCAGGCTTATGCCGTTGAATATATTAGCATGGAATAATAAGATAGGACTTTGGTACTATTTTGTTGGTTTGCGCACCAAAGTAATGATTAATAGGGACAGTTGGGGGTATTCGTATTCCGTTGTCAGAGGTGAAATTCTTGGATTTCCGGAAGACGAACTACTGCGAAAGCATTTACCAAGGATGTTTT","NA_AGCTCCAATAGCGTATATTAAAGTTGTTGCGGTTAAAAAGCTCGTAGTTGGATTTCTGCCGAGGACGACCGGTCCGCCCTCTGGGTGAGTATCTGGCTCGGCCTGGGCATCTTCTTGGAGAACGTAGCTGCACTTGACTGTGTGGTGCGGTATCCAGGACTTTTACTTTGAGGAAATTAGAGTGTTTCAAGCAGGCACACGCCTTGAATACATTAGCATGGAATAATAAGATAGGACCTCGGTTCTATTTTGTTGGTTTCTAGAGCTGAGGTAATGATTAATAGGGATAGTTGGGGGCATTCGTATTTAACTGTCAGAGGTGAAATTCTTGGATTTGTTAAAGACGGACTACTGCGAAAGCATTTGCCAAGGATGTTTT_AGCTCCAATAGCGTATATTAAAGTTGTTGCGGTTAAAAAGCTCGTAGTTGGATTTCTGCCGAGGACGACCGGTCCGCCCTCTGGGTGAGTATCTGGCTCGGCCTGGGCATCTTCTTGGAGAACGTAGCTGCACTTGACTGTGTGGTGCGGTATCCAGGACTTTTACTTTGAGGAAATTAGAGTGTTTCAAGCAGGCACACGCCTTGAATACATTAGCATGGAATAATAAGATAGGACCTCGGTTCTATTTTGTTGGTTTCTAGAGCTGAGGTAATGATTAATAGGGATAGTTGGGGGCATTCGTATTTAACTGTCAGAGGTGAAATTCTTGGATTTGTTAAAGACGGACTACTGCGAAAGCATTTGCCAAGGATGTTTT"
"Skeletonema","Dinophyceae","AGCTCCAATAGCGTATATTAAAGTTGTTGCAGTTAAAAAGCTCGTAGTTGGATTTCTGGCAGAAGTGACCGGCCACACACACTGTGTGTGAGCTGTGCGCTTTGGCCATCCTTGGTGAGATCCTGTTTGGCATTAAGTTGTCGGGCAGGGGATAACCATCGTTTACTGTGAAAAAATTAGAGTGTTTAAAGCAGGCTTATGCCGTTGAATATATTAGCATGGAATAATAAGATAGGACTTTGAGTCTATTTTGTTGGTTTGCGAGTCAAAGTAATGATTAATAGGGACAGTTGGGGGTATTCGTATTTCATTGTCAGAGGTGAAATTCTTGGATTTCTGAAAGACGAACTACTGCGAAAGCATTTACCAAGGATGTTTT_AGCTCCAATAGCGTATATTAAAGTTGTTGCAGTTAAAAAGCTCGTAGTTGGATTTCTGGCAGAAGTGACCGGCCACACACACTGTGTGTGAGCTGTGCGCTTTGGCCATCCTTGGTGAGATCCTGTTTGGCATTAAGTTGTCGGGCAGGGGATAACCATCGTTTACTGTGAAAAAATTAGAGTGTTTAAAGCAGGCTTATGCCGTTGAATATATTAGCATGGAATAATAAGATAGGACTTTGAGTCTATTTTGTTGGTTTGCGAGTCAAAGTAATGATTAATAGGGACAGTTGGGGGTATTCGTATTTCATTGTCAGAGGTGAAATTCTTGGATTTCTGAAAGACGAACTACTGCGAAAGCATTTACCAAGGATGTTTT_AGCTCCAATAGCGTATATTAAAGTTGTTGCAGTTAAAAAGCTCGTAGTTGGATTTCTGGCAGAAGTGACCGGCCACACACACTGTGTGTGAGCTGTGCGCTTTGGCCATCCTTGGTGAGATCCTGTTTGGCATTAAGTTGTCGGGCAGGGGATAACCATCGTTTACTGTGAAAAAATTAGAGTGTTTAAAGCAGGCTTATGCCGTTGAATATATTAGCATGGAATAATAAGATAGGACTTTGAGTCTATTTTGTTGGTTTGCGAGTCAAAGTAATGATTAATAGGGACAGTTGGGGGTATTCGTATTTCATTGTCAGAGGTGAAATTCTTGGATTTCTGAAAGACGAACTACTGCGAAAGCATTTACCAAGGATGTTTT","AGCTCCAATAGCGTATATTAAAGTTGTTGCGGTTAAAAAGCTCGTAGTTGGATTTCTGCCGAGGACGACCGGTCCGCCCTCTGGGTGAGTATCTGGCTCGGCCTGGGCATCCTCTTGGAGAACGTAGCTGCACTTGACTGTGTGGGGCGGTATCCAGGACTTTTACTTTGAGGAAATTAGAGTGTTTCAAGCAGGCATACGCCTTGAATACATTAGCATGGAATAATAAGATAGGACCTCGGTTCTATTTTGTTGGTTTCTAGAGCTGAGGTAATGATTAATAGGGATAGTTGGGGGCATTCGTATTTAACTGTCAGAGGTGAAATTCTTGGATTTGTTAAAGACGGACTACTGCGAAAGCATTTGCCAAGGATGTTTT_AGCTCCAATAGCGTATATTAAAGTTGTTGCGGTTAAAAAGCTCGTAGTTGGATTTCTGCCGAGGACGACCGGTCCGCCCTCTGGGTGAGTATCTGGCTCGGCCTGGGCATCCTCTTGGAGAACGTAGCTGCACTTGACTGTGTGGGGCGGTATCCAGGACTTTTACTTTGAGGAAATTAGAGTGTTTCAAGCAGGCATACGCCTTGAATACATTAGCATGGAATAATAAGATAGGACCTCGGTTCTATTTTGTTGGTTTCTAGAGCTGAGGTAATGATTAATAGGGATAGTTGGGGGCATTCGTATTTAACTGTCAGAGGTGAAATTCTTGGATTTGTTAAAGACGGACTACTGCGAAAGCATTTGCCAAGGATGTTTT_AGCTCCAATAGCGTATATTAAAGTTGTTGCGGTTAAAAAGCTCGTAGTTGGATTTCTGCCGAGGACGACCGGTCCGCCCTCTGGGTGAGTATCTGGCTCGGCCTGGGCATCCTCTTGGAGAACGTAGCTGCACTTGACTGTGTGGGGCGGTATCCAGGACTTTTACTTTGAGGAAATTAGAGTGTTTCAAGCAGGCATACGCCTTGAATACATTAGCATGGAATAATAAGATAGGACCTCGGTTCTATTTTGTTGGTTTCTAGAGCTGAGGTAATGATTAATAGGGATAGTTGGGGGCATTCGTATTTAACTGTCAGAGGTGAAATTCTTGGATTTGTTAAAGACGGACTACTGCGAAAGCATTTGCCAAGGATGTTTT"
"Hemiaulus_sinensis;","Thoracosphaeraceae","AGCTCCAATAGCGTATATTAAAGTTGTTGCAGTTAAAAAGCTCGTAGTTGGATTTCTGGTGGGAGCGATCGGTCCGACACTTAGTGTGGGTACTTGTATCGTCTCCGGCCATCCTTGGGTGGAGTCTGTTTGGCATTAAGTTGTCGAGCAGAGGATGCCCATCGTTTACTGTGAAAAAATTAGAGTGTTCAAAGCAGGCTTATGCCGTTGAATATATTAGCATGGAATAATAAGATAGGACCTTGGTACTATTTTGTTGGTTTGCGCACCGAGGTAATGATTAATAGGGACAGTTGGGGGTATTCGTATTCAGTTGTCAGAGGTGAAATTCTTGGATTTACGGAAGACGAACTACTGCGAAAGCATTTACCAAGGATGTTTT_AGCTCCAATAGCGTATATTAAAGTTGTTGCAGTTAAAAAGCTCGTAGTTGGATTTCTGGTGGGAGCGATCGGTCCGACACTTAGTGTGGGTACTTGTATCGTCTCCGGCCATCCTTGGGTGGAGTCTGTTTGGCATTAAGTTGTCGAGCAGAGGATGCCCATCGTTTACTGTGAAAAAATTAGAGTGTTCAAAGCAGGCTTATGCCGTTGAATATATTAGCATGGAATAATAAGATAGGACCTTGGTACTATTTTGTTGGTTTGCGCACCGAGGTAATGATTAATAGGGACAGTTGGGGGTATTCGTATTCAGTTGTCAGAGGTGAAATTCTTGGATTTACGGAAGACGAACTACTGCGAAAGCATTTACCAAGGATGTTTT_AGCTCCAATAGCGTATATTAAAGTTGTTGCAGTTAAAAAGCTCGTAGTTGGATTTCTGGTGGGAGCGATCGGTCCGACACTTAGTGTGGGTACTTGTATCGTCTCCGGCCATCCTTGGGTGGAGTCTGTTTGGCATTAAGTTGTCGAGCAGAGGATGCCCATCGTTTACTGTGAAAAAATTAGAGTGTTCAAAGCAGGCTTATGCCGTTGAATATATTAGCATGGAATAATAAGATAGGACCTTGGTACTATTTTGTTGGTTTGCGCACCGAGGTAATGATTAATAGGGACAGTTGGGGGTATTCGTATTCAGTTGTCAGAGGTGAAATTCTTGGATTTACGGAAGACGAACTACTGCGAAAGCATTTACCAAGGATGTTTT","AGCTCCAATAGCGTATATTAAAGTTGTTGCGGTTAAAAAGCTCGTAGTTGGATTTCTGCTGAGGACGACCGGTCCGCCCTCTGGGTGAGTATCTGGCTCGGCCTGGGCATCTTCTTGGAGAACGTAGCTGCACTTGACTGTGTGGTGCGGTATCCAGGACCTTTACTTTGAGGAAATTAGAGTGTTTCAAGCAGGCGCACGCCTTGAATACATTAGCATGGAATAATAAGATAGGACCTTGGTTCTATTTTGTTGGTTTCTAGAGCTGAGGTAATGATTAATAGGGATAGTTGGGGGCATTCGTATTTAACTGTCAGAGGTGAAATTCTTGGATTTGTTAAAGACGGACTACTGCGAAAGCATTTGCCAAGGATGTTTT_AGCTCCAATAGCGTATATTAAAGTTGTTGCGGTTAAAAAGCTCGTAGTTGGATTTCTGCTGAGGACGACCGGTCCGCCCTCTGGGTGAGTATCTGGCTCGGCCTGGGCATCTTCTTGGAGAACGTAGCTGCACTTGACTGTGTGGTGCGGTATCCAGGACCTTTACTTTGAGGAAATTAGAGTGTTTCAAGCAGGCGCACGCCTTGAATACATTAGCATGGAATAATAAGATAGGACCTTGGTTCTATTTTGTTGGTTTCTAGAGCTGAGGTAATGATTAATAGGGATAGTTGGGGGCATTCGTATTTAACTGTCAGAGGTGAAATTCTTGGATTTGTTAAAGACGGACTACTGCGAAAGCATTTGCCAAGGATGTTTT_AGCTCCAATAGCGTATATTAAAGTTGTTGCGGTTAAAAAGCTCGTAGTTGGATTTCTGCTGAGGACGACCGGTCCGCCCTCTGGGTGAGTATCTGGCTCGGCCTGGGCATCTTCTTGGAGAACGTAGCTGCACTTGACTGTGTGGTGCGGTATCCAGGACCTTTACTTTGAGGAAATTAGAGTGTTTCAAGCAGGCGCACGCCTTGAATACATTAGCATGGAATAATAAGATAGGACCTTGGTTCTATTTTGTTGGTTTCTAGAGCTGAGGTAATGATTAATAGGGATAGTTGGGGGCATTCGTATTTAACTGTCAGAGGTGAAATTCTTGGATTTGTTAAAGACGGACTACTGCGAAAGCATTTGCCAAGGATGTTTT"
"Thalassiosira","Thoracosphaeraceae","AGCTCCAATAGCGTATATTAAAGTTGTTGCAGTTAAAAAGCTCGTAGTTGGATTTCTGGCAGGAGCGGCCGGTCACGCACTCTGTGTGTGAACTTGCGCTGTCTCTGGCCATCCTTGGGGAGATCCTGTTTGGCATTAAGTTGTCGGGCAGGGGATACCCATCGTTTACTGTGAAAAAATTAGAGTGTTTAAAGCAGGCTTATGCCGTTGAATATATTAGCATGGAATAATAAGATAGGACTTCGGAACTATTTTGTTGGTTTGCGTTACGAAGTAATGATTAATAGGGACAGTTGGGGGTATTCGTATTTCGTTGTCAGAGGTGAAATTCTTGGATTTCCGAAAGACGAACTACTGCGAAAGCATTTACCAAGGATGTTTT_AGCTCCAATAGCGTATATTAAAGTTGTTGCAGTTAAAAAGCTCGTAGTTGGATTTCTGGCAGGAGCGGCCGGTCACGCACTCTGTGTGTGAACTTGCGCTGTCTCTGGCCATCCTTGGGGAGATCCTGTTTGGCATTAAGTTGTCGGGCAGGGGATACCCATCGTTTACTGTGAAAAAATTAGAGTGTTTAAAGCAGGCTTATGCCGTTGAATATATTAGCATGGAATAATAAGATAGGACTTCGGAACTATTTTGTTGGTTTGCGTTACGAAGTAATGATTAATAGGGACAGTTGGGGGTATTCGTATTTCGTTGTCAGAGGTGAAATTCTTGGATTTCCGAAAGACGAACTACTGCGAAAGCATTTACCAAGGATGTTTT_AGCTCCAATAGCGTATATTAAAGTTGTTGCAGTTAAAAAGCTCGTAGTTGGATTTCTGGCAGGAGCGGCCGGTCACGCACTCTGTGTGTGAACTTGCGCTGTCTCTGGCCATCCTTGGGGAGATCCTGTTTGGCATTAAGTTGTCGGGCAGGGGATACCCATCGTTTACTGTGAAAAAATTAGAGTGTTTAAAGCAGGCTTATGCCGTTGAATATATTAGCATGGAATAATAAGATAGGACTTCGGAACTATTTTGTTGGTTTGCGTTACGAAGTAATGATTAATAGGGACAGTTGGGGGTATTCGTATTTCGTTGTCAGAGGTGAAATTCTTGGATTTCCGAAAGACGAACTACTGCGAAAGCATTTACCAAGGATGTTTT","NA_AGCTCCAATAGCGTATATTAAAGTTGTTGCGGTTAAAAAGCTCGTAGTTGGATTTCTGCTGAGGACGACCGGTCCGCCCTCTGGGTGAGTATCTGGCTCGGCCTGGGCATCTTCTTGGAGAACGTAGCTGCACTTGACTGTGTGGTGCGGTATCCAGGACTTTTACTTTGAGGAAATTAGAGTGTTTCAAGCAGGCACACGCCTTGAATACATTAGCATGGAATAATAAGATAGGACCTTGGTTCTATTTTGTTGGTTTCTAGAGCTGAGGTAATGATTAATAGGGATAGTTGGGGGCATTCGTATTTAACTGTCAGAGGTGAAATTCTTGGATTTGTTAAAGACGGACTACTGCGAAAGCATTTGCCAAGGATGTTTT_AGCTCCAATAGCGTATATTAAAGTTGTTGCGGTTAAAAAGCTCGTAGTTGGATTTCTGCTGAGGACGACCGGTCCGCCCTCTGGGTGAGTATCTGGCTCGGCCTGGGCATCTTCTTGGAGAACGTAGCTGCACTTGACTGTGTGGTGCGGTATCCAGGACTTTTACTTTGAGGAAATTAGAGTGTTTCAAGCAGGCACACGCCTTGAATACATTAGCATGGAATAATAAGATAGGACCTTGGTTCTATTTTGTTGGTTTCTAGAGCTGAGGTAATGATTAATAGGGATAGTTGGGGGCATTCGTATTTAACTGTCAGAGGTGAAATTCTTGGATTTGTTAAAGACGGACTACTGCGAAAGCATTTGCCAAGGATGTTTT"
"Chaetoceros","Dinophyceae","AGCTCCAATAGCGTATATTAAAGTTGCTGCAGTTAAAAAGCTCGTAGTTGCATTTCCGAGGCAAGGGATTAGTCCGACCTTTGGTGGGTATTTAATCCTCTTGCCTCGTCCTTGAGTGGTGCTTCTTGGTATTAAGTTATCGAGGAGATAGCCGCTCATCGTTTACTGTGAGAAAATTAGAGTGTTCAAAGCAGGCTTATGCCGTTGAATATATTAGCATGGAATAATAAGATAGGACCTCGGTACTATTTTGTTGGTTTGAGAACCAAGGTAATGATGAATAGGGACAGTTGGGGGTATTCGTATTCAGTTGTCAGAGGTGAAATTCTTAGATTTACGGAAGACGAACTACTGCGAAAGCATTTACCAAGGATGTTTT_AGCTCCAATAGCGTATATTAAAGTTGCTGCAGTTAAAAAGCTCGTAGTTGCATTTCCGAGGCAAGGGATTAGTCCGACCTTTGGTGGGTATTTAATCCTCTTGCCTCGTCCTTGAGTGGTGCTTCTTGGTATTAAGTTATCGAGGAGATAGCCGCTCATCGTTTACTGTGAGAAAATTAGAGTGTTCAAAGCAGGCTTATGCCGTTGAATATATTAGCATGGAATAATAAGATAGGACCTCGGTACTATTTTGTTGGTTTGAGAACCAAGGTAATGATGAATAGGGACAGTTGGGGGTATTCGTATTCAGTTGTCAGAGGTGAAATTCTTAGATTTACGGAAGACGAACTACTGCGAAAGCATTTACCAAGGATGTTTT_AGCTCCAATAGCGTATATTAAAGTTGCTGCAGTTAAAAAGCTCGTAGTTGCATTTCCGAGGCAAGGGATTAGTCCGACCTTTGGTGGGTATTTAATCCTCTTGCCTCGTCCTTGAGTGGTGCTTCTTGGTATTAAGTTATCGAGGAGATAGCCGCTCATCGTTTACTGTGAGAAAATTAGAGTGTTCAAAGCAGGCTTATGCCGTTGAATATATTAGCATGGAATAATAAGATAGGACCTCGGTACTATTTTGTTGGTTTGAGAACCAAGGTAATGATGAATAGGGACAGTTGGGGGTATTCGTATTCAGTTGTCAGAGGTGAAATTCTTAGATTTACGGAAGACGAACTACTGCGAAAGCATTTACCAAGGATGTTTT","AGCTCCAATAGCGTATATTAAAGTTGTTGCGGTTAAAAAGCTCGTAGTTGGATTTCTGCTGAGGACGACCGGTCCGCCCTCTGGGTGAGTATCTGGCTCGGCCTGGGCATCTTCTTGGAGAACGCAACTGCACTTGACTGTGTGGTGCGGTATCCAAGACTTTTACTTTGAGGAAATTAGAGTGTTTCAAGCAGGCACACGCCTTGAATACATTAGCATGGAATAATAAGATAGGACCTTGGTTCTATTTTGTTGGTTTCTAGAGCTGAGGTAATGATTAATAGGGATAGTTGGGGGCATTCGTATTTAACTGTCAGAGGTGAAATTCTTGGATTTGTTAAAGACGGACTACTGCGAAAGCATTTGCCAAGGATGTTTT_AGCTCCAATAGCGTATATTAAAGTTGTTGCGGTTAAAAAGCTCGTAGTTGGATTTCTGCTGAGGACGACCGGTCCGCCCTCTGGGTGAGTATCTGGCTCGGCCTGGGCATCTTCTTGGAGAACGCAACTGCACTTGACTGTGTGGTGCGGTATCCAAGACTTTTACTTTGAGGAAATTAGAGTGTTTCAAGCAGGCACACGCCTTGAATACATTAGCATGGAATAATAAGATAGGACCTTGGTTCTATTTTGTTGGTTTCTAGAGCTGAGGTAATGATTAATAGGGATAGTTGGGGGCATTCGTATTTAACTGTCAGAGGTGAAATTCTTGGATTTGTTAAAGACGGACTACTGCGAAAGCATTTGCCAAGGATGTTTT_AGCTCCAATAGCGTATATTAAAGTTGTTGCGGTTAAAAAGCTCGTAGTTGGATTTCTGCTGAGGACGACCGGTCCGCCCTCTGGGTGAGTATCTGGCTCGGCCTGGGCATCTTCTTGGAGAACGCAACTGCACTTGACTGTGTGGTGCGGTATCCAAGACTTTTACTTTGAGGAAATTAGAGTGTTTCAAGCAGGCACACGCCTTGAATACATTAGCATGGAATAATAAGATAGGACCTTGGTTCTATTTTGTTGGTTTCTAGAGCTGAGGTAATGATTAATAGGGATAGTTGGGGGCATTCGTATTTAACTGTCAGAGGTGAAATTCTTGGATTTGTTAAAGACGGACTACTGCGAAAGCATTTGCCAAGGATGTTTT"
"Chaetoceros_debilis;","","AGCTCCAATAGCGTATATTAAAGTTGCTGCAGTTAAAAAGCTCGTAGTTGGATTTCTAGCGAGGCACGAGAATATCCACCTATGGTGAATACTTCTCTCGCCTTGCTCTTCTTTAGTTGATGTCTCTGGCATTAAGTTGTCGGGGTCCTGAGACTAATCGTTTACTGTGAGAAAATTAGAGTGTTCAAAGCAGGCTTATGCCGTTGAATATATTAGCATGGAATAATAAGATAGGACTTCGGTACTATTTTGTTGGTTTGCGTACTGATGTAATGATAAATAGGGACTGGCGTGGGTATTCGTATTCTAGTGTCAGAGGTGAAATTCTTAGATTACTGGAAGACGAACTACTGCGAAAGCATTTACCAAGGATGTTTT_AGCTCCAATAGCGTATATTAAAGTTGCTGCAGTTAAAAAGCTCGTAGTTGGATTTCTAGCGAGGCACGAGAATATCCACCTATGGTGAATACTTCTCTCGCCTTGCTCTTCTTTAGTTGATGTCTCTGGCATTAAGTTGTCGGGGTCCTGAGACTAATCGTTTACTGTGAGAAAATTAGAGTGTTCAAAGCAGGCTTATGCCGTTGAATATATTAGCATGGAATAATAAGATAGGACTTCGGTACTATTTTGTTGGTTTGCGTACTGATGTAATGATAAATAGGGACTGGCGTGGGTATTCGTATTCTAGTGTCAGAGGTGAAATTCTTAGATTACTGGAAGACGAACTACTGCGAAAGCATTTACCAAGGATGTTTT_AGCTCCAATAGCGTATATTAAAGTTGCTGCAGTTAAAAAGCTCGTAGTTGGATTTCTAGCGAGGCACGAGAATATCCACCTATGGTGAATACTTCTCTCGCCTTGCTCTTCTTTAGTTGATGTCTCTGGCATTAAGTTGTCGGGGTCCTGAGACTAATCGTTTACTGTGAGAAAATTAGAGTGTTCAAAGCAGGCTTATGCCGTTGAATATATTAGCATGGAATAATAAGATAGGACTTCGGTACTATTTTGTTGGTTTGCGTACTGATGTAATGATAAATAGGGACTGGCGTGGGTATTCGTATTCTAGTGTCAGAGGTGAAATTCTTAGATTACTGGAAGACGAACTACTGCGAAAGCATTTACCAAGGATGTTTT",NA
"Pseudo-nitzschia","","AGCTCCAATAGCGTATATTAAAGTTGTTGCAGTTAAAAAGCTCGTAGTTGGATTTGTGGTGTGTCCAGTCGGCCTTTGCTCTTTGAGTGATTGCGCTGTACTGGTCTGCCATGTTTGGGTGGAATCTGTGTGGCATTAAGTTGTCGTGCAGGGGATGCCCATCGTTTACTGTGAAAAAATTAGAGTGTTCAAAGCAGGCTTATGCCGTTGAATATATTAGCATGGAATAATGATATAGGACCTTGGTACTATTTTGTTGGTTTGCGCACTAAGGTAATGATTAAGAGGGACAGTTGGGGGTATTTGTATTCCATTGTCAGAGGTGAAATTCTTGGATTTTTGGAAGACAAACTACTGCGAAAGCATTTACCAAGGATGTTTT_AGCTCCAATAGCGTATATTAAAGTTGTTGCAGTTAAAAAGCTCGTAGTTGGATTTGTGGTGTGTCCAGTCGGCCTTTGCTCTTTGAGTGATTGCGCTGTACTGGTCTGCCATGTTTGGGTGGAATCTGTGTGGCATTAAGTTGTCGTGCAGGGGATGCCCATCGTTTACTGTGAAAAAATTAGAGTGTTCAAAGCAGGCTTATGCCGTTGAATATATTAGCATGGAATAATGATATAGGACCTTGGTACTATTTTGTTGGTTTGCGCACTAAGGTAATGATTAAGAGGGACAGTTGGGGGTATTTGTATTCCATTGTCAGAGGTGAAATTCTTGGATTTTTGGAAGACAAACTACTGCGAAAGCATTTACCAAGGATGTTTT_AGCTCCAATAGCGTATATTAAAGTTGTTGCAGTTAAAAAGCTCGTAGTTGGATTTGTGGTGTGTCCAGTCGGCCTTTGCTCTTTGAGTGATTGCGCTGTACTGGTCTGCCATGTTTGGGTGGAATCTGTGTGGCATTAAGTTGTCGTGCAGGGGATGCCCATCGTTTACTGTGAAAAAATTAGAGTGTTCAAAGCAGGCTTATGCCGTTGAATATATTAGCATGGAATAATGATATAGGACCTTGGTACTATTTTGTTGGTTTGCGCACTAAGGTAATGATTAAGAGGGACAGTTGGGGGTATTTGTATTCCATTGTCAGAGGTGAAATTCTTGGATTTTTGGAAGACAAACTACTGCGAAAGCATTTACCAAGGATGTTTT",NA
"Raphid-pennate","","NA_AGCTCCAATAGCGTATATTAAAGTTGTTGCAGTTAAAAAGCTCGTAGTTGGATTTGTGGTGTGTCCAGTCGGCCTTTGCTCTTTGAGTGATTGTGCTGTCACTGGTCCGCCATGTTTGGGTGGAATCTGTGTGGCATTAAGTTGTCGTGCAGGGGATGCCCATCGTTTACTGTGAAAAAATTAGAGTGTTCAAAGCAGGCTTATGCCTTGAATATATTAGCATGGAATAATAATATAGGACCTTGGTACTATTTTGTTGGTTTGCGCACTGAGGTAATGATTAAGAGGGACAGTTGGGGGTATTTGTATTCCATTGTCAGAGGTGAAATTCTTGGATTTTTGGAAGACAAACTACTGCGAAAGCATTTACCAAGGATGTTTT_AGCTCCAATAGCGTATATTAAAGTTGTTGCAGTTAAAAAGCTCGTAGTTGGATTTGTGGTGTGTCCAGTCGGCCTTTGCTCTTTGAGTGATTGTGCTGTCACTGGTCCGCCATGTTTGGGTGGAATCTGTGTGGCATTAAGTTGTCGTGCAGGGGATGCCCATCGTTTACTGTGAAAAAATTAGAGTGTTCAAAGCAGGCTTATGCCTTGAATATATTAGCATGGAATAATAATATAGGACCTTGGTACTATTTTGTTGGTTTGCGCACTGAGGTAATGATTAAGAGGGACAGTTGGGGGTATTTGTATTCCATTGTCAGAGGTGAAATTCTTGGATTTTTGGAAGACAAACTACTGCGAAAGCATTTACCAAGGATGTTTT",NA
